{"type":"FeatureCollection","features":[{"type":"Feature","properties":{"biome_class":"lowland_steppe"},"geometry":{"type":"Polygon","coordinates":[[[0.1348,0.8],[0.1372,0.7988],[0.1396,0.7928],[0.1384,0.7892],[0.142,0.7868],[0.142,0.7748],[0.1276,0.7724],[0.136,0.7652],[0.1336,0.7604],[0.1444,0.7532],[0.1432,0.7448],[0.1492,0.746],[0.1612,0.7388],[0.1576,0.7328],[0.1588,0.728],[0.1612,0.7268],[0.1612,0.7184],[0.1648,0.7136],[0.1504,0.7112],[0.1456,0.7172],[0.1432,0.7256],[0.1324,0.7304],[0.1228,0.7316],[0.1156,0.7424],[0.1084,0.7484],[0.1036,0.7448],[0.1,0.7448],[0.1024,0.7364],[0.0964,0.7328],[0.0928,0.7268],[0.0964,0.7244],[0.0988,0.7256],[0.1048,0.7196],[0.1036,0.7088],[0.1084,0.716],[0.1168,0.716],[0.1192,0.7136],[0.1276,0.716],[0.136,0.7088],[0.1288,0.698],[0.1216,0.6968],[0.1204,0.6944],[0.1288,0.6872],[0.1324,0.6788],[0.1408,0.674],[0.1384,0.6656],[0.1348,0.662],[0.1168,0.6596],[0.1108,0.6644],[0.1072,0.6716],[0.1084,0.6776],[0.1048,0.6776],[0.1012,0.6728],[0.1024,0.662],[0.0976,0.6584],[0.088,0.6572],[0.0844,0.6524],[0.0784,0.65],[0.0712,0.6548],[0.0712,0.6596],[0.0736,0.6632],[0.0724,0.6692],[0.0748,0.6728],[0.0736,0.6788],[0.0784,0.6836],[0.0784,0.6908],[0.076,0.6932],[0.0748,0.6884],[0.0712,0.6872],[0.0724,0.6824],[0.0676,0.6788],[0.064,0.68],[0.0604,0.6716],[0.0568,0.6704],[0.0496,0.6728],[0.0436,0.6692],[0.0412,0.6548],[0.0376,0.6512],[0.0304,0.6476],[0.0172,0.6488],[0.0148,0.6464],[0.0052,0.6488],[-0.0008,0.6464],[-0.0056,0.65],[-0.0068,0.6476],[-0.0128,0.6464],[-0.0152,0.6368],[-0.0224,0.6296],[-0.0284,0.6272],[-0.0272,0.6236],[-0.02,0.6164],[-0.0152,0.5972],[-0.0188,0.5936],[-0.0212,0.5936],[-0.0236,0.5888],[-0.0332,0.5852],[-0.0392,0.5852],[-0.0428,0.5888],[-0.0452,0.596],[-0.0584,0.608],[-0.062,0.6152],[-0.0656,0.6164],[-0.0716,0.6224],[-0.0716,0.638],[-0.0752,0.638],[-0.0872,0.6536],[-0.104,0.668],[-0.1052,0.6716],[-0.1136,0.6764],[-0.1232,0.686],[-0.1304,0.6872],[-0.134,0.6908],[-0.1352,0.6968],[-0.1376,0.6992],[-0.1448,0.7004],[-0.146,0.7028],[-0.1604,0.7088],[-0.1688,0.7064],[-0.182,0.71],[-0.1916,0.7184],[-0.2072,0.7136],[-0.2144,0.7136],[-0.2216,0.7208],[-0.2252,0.7196],[-0.2288,0.722],[-0.2312,0.7292],[-0.2288,0.7388],[-0.23,0.74],[-0.2312,0.728],[-0.2324,0.7268],[-0.2336,0.7292],[-0.2348,0.722],[-0.2432,0.7196],[-0.2504,0.7136],[-0.2456,0.7172],[-0.23,0.7184],[-0.2228,0.7148],[-0.2084,0.698],[-0.2084,0.6812],[-0.2156,0.6716],[-0.218,0.662],[-0.206,0.6512],[-0.2036,0.6428],[-0.1916,0.6188],[-0.17,0.6056],[-0.1652,0.6068],[-0.164,0.6044],[-0.1616,0.6044],[-0.1592,0.602],[-0.1544,0.5876],[-0.1484,0.5852],[-0.1424,0.5768],[-0.1352,0.5768],[-0.134,0.5792],[-0.1268,0.5828],[-0.1208,0.5816],[-0.1304,0.572],[-0.1424,0.5708],[-0.1484,0.5648],[-0.1484,0.5516],[-0.1412,0.5396],[-0.1268,0.524],[-0.1184,0.524],[-0.1124,0.5192],[-0.1112,0.5132],[-0.1136,0.5024],[-0.128,0.488],[-0.1304,0.4808],[-0.1292,0.4724],[-0.1184,0.476],[-0.1124,0.4748],[-0.1172,0.4712],[-0.122,0.4712],[-0.1232,0.4676],[-0.1292,0.4676],[-0.1304,0.464],[-0.1292,0.4604],[-0.1208,0.4532],[-0.11,0.4496],[-0.1064,0.446],[-0.1064,0.4412],[-0.1112,0.4316],[-0.1064,0.4316],[-0.1004,0.428],[-0.0992,0.4064],[-0.0908,0.3992],[-0.0848,0.3908],[-0.0836,0.3764],[-0.074,0.3692],[-0.0776,0.3608],[-0.0776,0.3572],[-0.074,0.3524],[-0.0788,0.344],[-0.0788,0.338],[-0.0716,0.326],[-0.0608,0.3284],[-0.0464,0.3356],[-0.0368,0.3356],[-0.0248,0.3308],[-0.0092,0.3356],[-0.0044,0.3356],[-0.0008,0.332],[0.0064,0.3308],[0.0088,0.3344],[0.016,0.3356],[0.0268,0.3296],[0.0328,0.32],[0.0328,0.3164],[0.0364,0.314],[0.0448,0.3152],[0.0484,0.3104],[0.0544,0.3068],[0.0628,0.2936],[0.0688,0.29],[0.0736,0.2756],[0.082,0.2732],[0.0892,0.2636],[0.094,0.2624],[0.0976,0.2588],[0.1228,0.26],[0.1324,0.2576],[0.1396,0.2516],[0.1384,0.2384],[0.1324,0.2312],[0.1324,0.2264],[0.1348,0.2204],[0.1384,0.218],[0.1408,0.2084],[0.1444,0.2048],[0.1468,0.1976],[0.1528,0.1916],[0.1756,0.1892],[0.1864,0.1808],[0.1936,0.182],[0.1996,0.1796],[0.2044,0.182],[0.2212,0.182],[0.2272,0.1796],[0.2296,0.176],[0.2332,0.176],[0.2356,0.17],[0.2428,0.164],[0.2476,0.164],[0.2524,0.1676],[0.2584,0.1676],[0.2632,0.1616],[0.2704,0.158],[0.2788,0.1568],[0.2824,0.152],[0.292,0.152],[0.2956,0.1484],[0.3112,0.1484],[0.3124,0.146],[0.3196,0.1424],[0.3184,0.1412],[0.3208,0.1388],[0.3328,0.1316],[0.346,0.1316],[0.3496,0.134],[0.3556,0.134],[0.364,0.1448],[0.3736,0.146],[0.376,0.1484],[0.3844,0.1484],[0.3916,0.1544],[0.3964,0.1532],[0.4,0.1496],[0.4072,0.1508],[0.4132,0.1448],[0.4144,0.14],[0.418,0.1388],[0.4168,0.1292],[0.4228,0.1208],[0.4216,0.1064],[0.4252,0.104],[0.4372,0.1064],[0.4396,0.104],[0.4396,0.1004],[0.442,0.098],[0.4396,0.0896],[0.4432,0.0872],[0.4432,0.0812],[0.4456,0.0788],[0.4456,0.0728],[0.4432,0.0692],[0.4564,0.068],[0.4648,0.0596],[0.4672,0.0404],[0.4708,0.032],[0.4744,0.0284],[0.4744,0.0224],[0.4804,0.0104],[0.4828,0.0092],[0.4828,0.0008],[0.4876,-0.0052],[0.4816,-0.016],[0.4852,-0.0208],[0.4816,-0.0268],[0.49,-0.0436],[0.4948,-0.0484],[0.4924,-0.058],[0.5008,-0.0664],[0.4996,-0.0772],[0.4948,-0.0856],[0.4948,-0.0904],[0.49,-0.094],[0.496,-0.1048],[0.496,-0.1108],[0.4924,-0.112],[0.49,-0.1168],[0.4708,-0.1276],[0.4696,-0.1312],[0.4624,-0.136],[0.4624,-0.1432],[0.4588,-0.1504],[0.4468,-0.1504],[0.4408,-0.1552],[0.4384,-0.16],[0.4396,-0.1672],[0.436,-0.1744],[0.4276,-0.1816],[0.4276,-0.19],[0.4228,-0.1972],[0.424,-0.2188],[0.4216,-0.2224],[0.4204,-0.2308],[0.424,-0.2368],[0.424,-0.244],[0.4216,-0.2548],[0.4168,-0.2596],[0.4156,-0.2752],[0.4108,-0.2788],[0.4072,-0.2788],[0.3988,-0.2836],[0.3928,-0.2836],[0.3868,-0.2872],[0.388,-0.3016],[0.4036,-0.3208],[0.4096,-0.3316],[0.4108,-0.3616],[0.4084,-0.3676],[0.4,-0.3772],[0.3904,-0.3832],[0.3796,-0.3868],[0.3292,-0.3856],[0.2908,-0.3964],[0.274,-0.394],[0.2596,-0.3892],[0.2236,-0.3736],[0.2068,-0.3724],[0.1948,-0.3772],[0.1888,-0.3832],[0.1852,-0.394],[0.1852,-0.4228],[0.1876,-0.43],[0.1948,-0.4444],[0.2032,-0.4552],[0.22,-0.4948],[0.2308,-0.514],[0.2452,-0.532],[0.2548,-0.5404],[0.2848,-0.5464],[0.292,-0.55],[0.2992,-0.5584],[0.3016,-0.5704],[0.3112,-0.5836],[0.3124,-0.5956],[0.3016,-0.6076],[0.2932,-0.6088],[0.286,-0.6124],[0.2728,-0.6124],[0.2824,-0.6172],[0.2908,-0.6172],[0.2932,-0.6208],[0.2932,-0.628],[0.2992,-0.6292],[0.3028,-0.6256],[0.3004,-0.6232],[0.3004,-0.6172],[0.3076,-0.61],[0.3124,-0.6004],[0.3172,-0.598],[0.3184,-0.5908],[0.322,-0.5872],[0.3244,-0.58],[0.3316,-0.5764],[0.328,-0.5716],[0.3292,-0.5656],[0.346,-0.5488],[0.3496,-0.5392],[0.3604,-0.5272],[0.37,-0.52],[0.3724,-0.5128],[0.3988,-0.5116],[0.4072,-0.508],[0.4096,-0.5044],[0.4144,-0.5032],[0.418,-0.4936],[0.4216,-0.49],[0.4228,-0.484],[0.4288,-0.4804],[0.4312,-0.472],[0.436,-0.4672],[0.4372,-0.454],[0.4324,-0.448],[0.4336,-0.43],[0.4408,-0.4],[0.4456,-0.3916],[0.4444,-0.3856],[0.4576,-0.3652],[0.46,-0.3556],[0.4576,-0.3436],[0.466,-0.328],[0.466,-0.3172],[0.4696,-0.3136],[0.4744,-0.3148],[0.4804,-0.3088],[0.4828,-0.3016],[0.4816,-0.2968],[0.484,-0.2884],[0.4816,-0.286],[0.4816,-0.2824],[0.484,-0.2788],[0.4792,-0.274],[0.4792,-0.2716],[0.4816,-0.268],[0.4816,-0.2524],[0.484,-0.2464],[0.4828,-0.2344],[0.4864,-0.2272],[0.484,-0.2068],[0.4864,-0.2056],[0.4864,-0.2008],[0.49,-0.1984],[0.49,-0.1948],[0.4972,-0.1852],[0.4996,-0.178],[0.4996,-0.1756],[0.496,-0.172],[0.4984,-0.148],[0.5032,-0.1444],[0.508,-0.1444],[0.5176,-0.1396],[0.5128,-0.1324],[0.5248,-0.1228],[0.5236,-0.1156],[0.5212,-0.1132],[0.5212,-0.1108],[0.5248,-0.1072],[0.52,-0.0988],[0.52,-0.0808],[0.526,-0.076],[0.526,-0.0712],[0.5308,-0.0604],[0.5212,-0.034],[0.5212,-0.0172],[0.5188,-0.0112],[0.5212,-0.0088],[0.5212,0.0068],[0.5188,0.02],[0.5128,0.0332],[0.5068,0.0356],[0.5044,0.0416],[0.5044,0.05],[0.4996,0.0584],[0.5056,0.0668],[0.5056,0.0728],[0.502,0.0764],[0.502,0.0812],[0.5056,0.086],[0.5092,0.0872],[0.508,0.0908],[0.502,0.0908],[0.496,0.0968],[0.496,0.1016],[0.4876,0.1028],[0.4828,0.1076],[0.4828,0.1112],[0.478,0.1136],[0.4744,0.1196],[0.4708,0.116],[0.4648,0.1148],[0.46,0.1208],[0.4576,0.128],[0.454,0.1304],[0.454,0.1328],[0.4588,0.1364],[0.4552,0.1376],[0.448,0.1484],[0.4408,0.1496],[0.4384,0.1472],[0.4348,0.1544],[0.43,0.158],[0.4168,0.1616],[0.406,0.1724],[0.4024,0.1796],[0.4036,0.188],[0.4096,0.194],[0.4132,0.194],[0.4156,0.1964],[0.4204,0.1952],[0.4228,0.2024],[0.4216,0.2072],[0.4144,0.218],[0.4156,0.224],[0.4108,0.2324],[0.412,0.2372],[0.4096,0.2432],[0.412,0.2576],[0.4144,0.26],[0.4216,0.2612],[0.4312,0.2552],[0.4336,0.2504],[0.4396,0.2504],[0.4432,0.2432],[0.4504,0.2408],[0.4552,0.236],[0.4564,0.23],[0.4636,0.2252],[0.4672,0.2192],[0.4696,0.224],[0.4732,0.2264],[0.4816,0.2204],[0.49,0.218],[0.4948,0.212],[0.4948,0.2072],[0.4984,0.212],[0.5044,0.2096],[0.5044,0.2144],[0.5092,0.218],[0.4996,0.2156],[0.49,0.2216],[0.4912,0.23],[0.5008,0.2384],[0.4972,0.236],[0.4936,0.2372],[0.4912,0.2348],[0.4876,0.2348],[0.4864,0.2372],[0.4804,0.2396],[0.4816,0.2432],[0.4732,0.2468],[0.472,0.2516],[0.4624,0.2564],[0.4564,0.2564],[0.4552,0.2624],[0.4576,0.2648],[0.4576,0.2696],[0.4612,0.2696],[0.4696,0.2744],[0.4696,0.2888],[0.4732,0.2912],[0.4756,0.2984],[0.4804,0.2984],[0.484,0.302],[0.4936,0.3044],[0.502,0.2972],[0.5032,0.2996],[0.5104,0.2996],[0.5164,0.2948],[0.5164,0.2984],[0.502,0.3068],[0.5044,0.3092],[0.502,0.3164],[0.5032,0.3236],[0.5092,0.3308],[0.5128,0.3308],[0.5236,0.3392],[0.5272,0.3392],[0.5296,0.3344],[0.5416,0.3272],[0.5452,0.3188],[0.5476,0.32],[0.556,0.3116],[0.568,0.3092],[0.5704,0.3152],[0.5656,0.32],[0.568,0.3296],[0.5716,0.3332],[0.5812,0.332],[0.5836,0.3356],[0.5812,0.3368],[0.5824,0.3392],[0.586,0.3428],[0.5896,0.3428],[0.592,0.3308],[0.5968,0.3308],[0.6004,0.3272],[0.604,0.3284],[0.6064,0.3248],[0.6112,0.3236],[0.6148,0.32],[0.6136,0.3092],[0.6172,0.3068],[0.6196,0.3104],[0.6232,0.3116],[0.6244,0.3152],[0.634,0.3152],[0.6388,0.3176],[0.6448,0.3116],[0.646,0.3128],[0.6496,0.3104],[0.6496,0.3212],[0.6436,0.326],[0.646,0.3296],[0.6496,0.3296],[0.6496,0.3332],[0.6388,0.3332],[0.6352,0.3392],[0.6328,0.3296],[0.6352,0.3224],[0.622,0.3188],[0.6172,0.3224],[0.6124,0.3224],[0.6088,0.326],[0.6076,0.3344],[0.61,0.3392],[0.598,0.338],[0.5956,0.3404],[0.6004,0.3464],[0.5956,0.344],[0.592,0.3476],[0.5872,0.3488],[0.562,0.3416],[0.562,0.3536],[0.5656,0.3584],[0.5632,0.3596],[0.5596,0.356],[0.5596,0.3524],[0.556,0.3464],[0.5524,0.3464],[0.5476,0.3524],[0.5416,0.3524],[0.5392,0.3548],[0.5428,0.3596],[0.5428,0.3656],[0.5452,0.3692],[0.5572,0.3752],[0.5704,0.3788],[0.5776,0.3884],[0.5788,0.3872],[0.5884,0.3932],[0.592,0.3992],[0.5848,0.4028],[0.5812,0.398],[0.5728,0.3992],[0.5716,0.3932],[0.5656,0.3968],[0.568,0.4028],[0.5656,0.4112],[0.5692,0.416],[0.574,0.416],[0.5764,0.4196],[0.574,0.4208],[0.574,0.4256],[0.5716,0.422],[0.568,0.422],[0.5692,0.4256],[0.5728,0.428],[0.562,0.4232],[0.5608,0.4268],[0.556,0.4292],[0.5572,0.434],[0.5596,0.4328],[0.5656,0.4376],[0.5656,0.44],[0.5608,0.4376],[0.5596,0.4412],[0.562,0.4424],[0.5596,0.4436],[0.5584,0.44],[0.5536,0.4436],[0.5572,0.4376],[0.5536,0.4316],[0.5548,0.4292],[0.5524,0.428],[0.55,0.4304],[0.556,0.422],[0.5596,0.4112],[0.562,0.4112],[0.5644,0.4076],[0.5632,0.3956],[0.5656,0.3932],[0.5632,0.3896],[0.5572,0.3896],[0.5488,0.3944],[0.5512,0.3884],[0.544,0.3836],[0.538,0.3836],[0.5356,0.386],[0.5308,0.3848],[0.5308,0.3776],[0.5332,0.3764],[0.532,0.3692],[0.52,0.3848],[0.514,0.3896],[0.5128,0.3932],[0.5056,0.4004],[0.502,0.4016],[0.5032,0.4064],[0.5068,0.4088],[0.5068,0.416],[0.5008,0.4208],[0.5008,0.4268],[0.5008,0.4148],[0.5044,0.4112],[0.5044,0.4076],[0.5008,0.4064],[0.5008,0.3992],[0.4972,0.3932],[0.4888,0.3956],[0.4852,0.4004],[0.4768,0.4052],[0.4756,0.4328],[0.478,0.4352],[0.478,0.4496],[0.4804,0.452],[0.4756,0.4568],[0.4732,0.4556],[0.4708,0.458],[0.4672,0.4388],[0.4648,0.4364],[0.4636,0.4412],[0.46,0.4436],[0.4624,0.4472],[0.46,0.4616],[0.454,0.4652],[0.4492,0.4652],[0.4444,0.4688],[0.448,0.4796],[0.4432,0.4808],[0.4336,0.4736],[0.4288,0.4736],[0.4192,0.4808],[0.4132,0.4784],[0.4096,0.4832],[0.4,0.4868],[0.3868,0.4868],[0.382,0.4844],[0.3712,0.4856],[0.3604,0.4784],[0.3508,0.476],[0.3412,0.4784],[0.3352,0.4736],[0.328,0.4628],[0.3184,0.4592],[0.316,0.464],[0.3088,0.464],[0.3064,0.4664],[0.3004,0.4676],[0.2836,0.4592],[0.274,0.4616],[0.2704,0.4664],[0.2632,0.464],[0.2572,0.4652],[0.2644,0.47],[0.2692,0.4688],[0.2764,0.4724],[0.2896,0.4724],[0.2932,0.47],[0.2968,0.4712],[0.3016,0.4772],[0.3064,0.4784],[0.3184,0.476],[0.3244,0.4784],[0.3256,0.4772],[0.3328,0.4856],[0.3472,0.4916],[0.3532,0.5012],[0.3604,0.5084],[0.3724,0.5108],[0.3772,0.5192],[0.3772,0.5384],[0.3748,0.542],[0.3748,0.5468],[0.3772,0.5612],[0.382,0.5708],[0.3844,0.5696],[0.382,0.56],[0.3856,0.5432],[0.388,0.5408],[0.3952,0.5396],[0.4132,0.5396],[0.418,0.5468],[0.4264,0.5492],[0.4324,0.5552],[0.4396,0.5564],[0.4456,0.5612],[0.4588,0.5636],[0.4648,0.578],[0.4684,0.5816],[0.4708,0.578],[0.484,0.5768],[0.4864,0.5816],[0.4936,0.5828],[0.496,0.5888],[0.5092,0.5804],[0.526,0.5792],[0.532,0.5828],[0.532,0.5888],[0.5272,0.5984],[0.5308,0.602],[0.532,0.608],[0.5368,0.6116],[0.5356,0.6152],[0.5296,0.6212],[0.5284,0.6392],[0.5332,0.6428],[0.532,0.6452],[0.5368,0.6536],[0.5416,0.6572],[0.5368,0.656],[0.5344,0.6584],[0.5356,0.6644],[0.5308,0.6716],[0.5308,0.6656],[0.5116,0.6452],[0.5092,0.6476],[0.508,0.6416],[0.502,0.6356],[0.4948,0.6344],[0.4924,0.6416],[0.4852,0.644],[0.478,0.6416],[0.4756,0.6272],[0.466,0.6332],[0.4588,0.6344],[0.448,0.6272],[0.4408,0.6272],[0.424,0.6104],[0.3976,0.6044],[0.3964,0.608],[0.4012,0.6128],[0.4012,0.6188],[0.4048,0.6236],[0.4024,0.6404],[0.406,0.6404],[0.4072,0.644],[0.412,0.6404],[0.4132,0.65],[0.4264,0.6584],[0.43,0.6632],[0.43,0.6692],[0.4276,0.6728],[0.4276,0.6752],[0.43,0.6764],[0.4264,0.68],[0.4264,0.6836],[0.43,0.686],[0.4264,0.6884],[0.4132,0.6884],[0.4168,0.6812],[0.4204,0.6788],[0.4252,0.6812],[0.4276,0.6788],[0.4252,0.6716],[0.4264,0.6656],[0.4192,0.6572],[0.4168,0.6572],[0.412,0.6524],[0.4024,0.6536],[0.4012,0.6512],[0.4036,0.6476],[0.4036,0.6428],[0.3976,0.6248],[0.3976,0.62],[0.3892,0.608],[0.388,0.614],[0.382,0.614],[0.3808,0.5996],[0.3724,0.6032],[0.3616,0.6044],[0.3568,0.602],[0.358,0.596],[0.352,0.5924],[0.3448,0.5972],[0.3436,0.6032],[0.3388,0.608],[0.3376,0.6128],[0.3388,0.6116],[0.3364,0.5996],[0.3304,0.5984],[0.3268,0.5924],[0.3196,0.5972],[0.3076,0.5996],[0.2932,0.6056],[0.2848,0.5972],[0.2776,0.5996],[0.2752,0.5984],[0.2704,0.59],[0.2644,0.59],[0.2608,0.5876],[0.2572,0.59],[0.2548,0.5888],[0.2524,0.584],[0.2464,0.5792],[0.2464,0.5732],[0.2416,0.5708],[0.2404,0.572],[0.244,0.5672],[0.2548,0.5612],[0.2452,0.5552],[0.2476,0.5504],[0.2452,0.5492],[0.232,0.5552],[0.2212,0.5492],[0.2212,0.5408],[0.2152,0.5348],[0.214,0.5264],[0.2176,0.5192],[0.2176,0.512],[0.2236,0.4976],[0.2236,0.4928],[0.1996,0.4892],[0.196,0.4868],[0.1804,0.4892],[0.1792,0.476],[0.172,0.4676],[0.1696,0.4628],[0.1696,0.4568],[0.1576,0.4448],[0.1492,0.4484],[0.1468,0.452],[0.1396,0.4532],[0.1372,0.4568],[0.1384,0.4616],[0.13,0.4616],[0.1276,0.4652],[0.1204,0.4676],[0.1204,0.458],[0.1228,0.452],[0.1204,0.4508],[0.1228,0.4484],[0.1204,0.4388],[0.1276,0.4304],[0.1264,0.4244],[0.1216,0.4208],[0.1156,0.4208],[0.1084,0.4172],[0.1072,0.4136],[0.1012,0.41],[0.0868,0.4076],[0.0796,0.4124],[0.0712,0.4232],[0.0652,0.4232],[0.0652,0.4208],[0.0676,0.4232],[0.0712,0.4196],[0.0724,0.4112],[0.0688,0.404],[0.07,0.398],[0.0652,0.3968],[0.0664,0.3932],[0.0592,0.3764],[0.0508,0.3716],[0.0388,0.3728],[0.0352,0.3704],[0.0328,0.3632],[0.028,0.3572],[0.0136,0.3536],[0.0016,0.356],[-0.0092,0.3632],[-0.0164,0.3644],[-0.02,0.3692],[-0.0284,0.3692],[-0.032,0.3656],[-0.0428,0.368],[-0.0512,0.38],[-0.05,0.3884],[-0.0464,0.3956],[-0.0476,0.4016],[-0.0452,0.41],[-0.0476,0.4268],[-0.0416,0.4352],[-0.0392,0.446],[-0.0344,0.4508],[-0.0308,0.4508],[-0.0308,0.4748],[-0.0332,0.4772],[-0.0356,0.4928],[-0.0392,0.4952],[-0.044,0.5036],[-0.044,0.5168],[-0.05,0.5264],[-0.05,0.5336],[-0.0452,0.542],[-0.0416,0.5456],[-0.0356,0.5456],[-0.0296,0.5396],[-0.0176,0.5372],[-0.0128,0.5396],[-0.014,0.5408],[-0.0116,0.5456],[-0.0044,0.5468],[-0.0008,0.5564],[0.0052,0.5564],[0.01,0.5516],[0.0172,0.5516],[0.0172,0.5588],[0.0136,0.5648],[-0.0032,0.5816],[-0.0068,0.5888],[-0.0056,0.596],[0.0016,0.5948],[0.0088,0.5984],[0.0136,0.596],[0.0232,0.5864],[0.0256,0.5864],[0.0352,0.5768],[0.034,0.5852],[0.0436,0.5912],[0.0472,0.5912],[0.0532,0.5972],[0.0484,0.6068],[0.0568,0.6224],[0.0604,0.6212],[0.0664,0.626],[0.07,0.6224],[0.0724,0.6224],[0.0748,0.626],[0.0796,0.626],[0.082,0.6332],[0.0904,0.6308],[0.094,0.6356],[0.0976,0.6344],[0.1024,0.6392],[0.1072,0.6392],[0.112,0.6344],[0.112,0.6416],[0.1144,0.6452],[0.1204,0.6452],[0.1252,0.6428],[0.1288,0.6488],[0.1384,0.6488],[0.1408,0.6512],[0.136,0.6548],[0.1432,0.6584],[0.1408,0.6632],[0.1444,0.668],[0.1528,0.6716],[0.1564,0.668],[0.1564,0.674],[0.16,0.6752],[0.1564,0.6788],[0.1432,0.6764],[0.1408,0.6788],[0.1408,0.6908],[0.1492,0.6992],[0.1564,0.7016],[0.1624,0.6968],[0.1636,0.6908],[0.1624,0.6992],[0.1684,0.7028],[0.1888,0.698],[0.1792,0.7028],[0.178,0.7088],[0.1816,0.7124],[0.1792,0.716],[0.1744,0.716],[0.1684,0.7256],[0.172,0.728],[0.1744,0.7412],[0.178,0.7448],[0.1804,0.7448],[0.184,0.7496],[0.19,0.7472],[0.1924,0.752],[0.1912,0.7544],[0.1792,0.7544],[0.1732,0.758],[0.166,0.7568],[0.16,0.7628],[0.1576,0.7688],[0.16,0.7736],[0.166,0.7736],[0.1732,0.7772],[0.1744,0.7808],[0.1792,0.7808],[0.1804,0.7856],[0.172,0.7844],[0.1696,0.7868],[0.1708,0.8],[0.1684,0.8],[0.1696,0.7964],[0.1648,0.7916],[0.1588,0.7928],[0.1576,0.8],[0.136,0.8],[0.1348,0.8]],[[0.4516,0.4148],[0.454,0.416],[0.466,0.4064],[0.472,0.404],[0.478,0.3968],[0.484,0.3944],[0.49,0.3884],[0.49,0.3848],[0.4948,0.3788],[0.4912,0.3764],[0.4756,0.38],[0.4636,0.38],[0.4564,0.3776],[0.4468,0.3836],[0.4444,0.3824],[0.4456,0.3776],[0.4516,0.3788],[0.454,0.3728],[0.4576,0.3704],[0.4672,0.3716],[0.4732,0.3692],[0.4768,0.3728],[0.4792,0.3728],[0.4924,0.3644],[0.5044,0.3644],[0.5068,0.3608],[0.5176,0.362],[0.5224,0.3584],[0.5212,0.3536],[0.5272,0.3452],[0.514,0.3404],[0.514,0.3368],[0.5116,0.3344],[0.5092,0.3344],[0.502,0.3404],[0.5044,0.3368],[0.5008,0.3296],[0.4972,0.3284],[0.4924,0.3308],[0.484,0.3272],[0.4816,0.3236],[0.484,0.3212],[0.484,0.3164],[0.4876,0.314],[0.4828,0.3104],[0.4828,0.3056],[0.4708,0.2972],[0.4672,0.2972],[0.4588,0.3068],[0.4576,0.32],[0.4576,0.302],[0.4504,0.2924],[0.454,0.2864],[0.4456,0.278],[0.4324,0.2768],[0.43,0.2792],[0.4312,0.284],[0.4288,0.2972],[0.4312,0.3056],[0.4276,0.3116],[0.4288,0.3164],[0.4264,0.3152],[0.4216,0.3236],[0.4216,0.3308],[0.4168,0.3272],[0.4168,0.3248],[0.4228,0.3176],[0.4216,0.314],[0.4144,0.3068],[0.4144,0.3032],[0.412,0.3008],[0.4072,0.3008],[0.4036,0.296],[0.3988,0.2936],[0.3976,0.2948],[0.3916,0.2924],[0.382,0.2924],[0.3784,0.296],[0.3796,0.2996],[0.376,0.3044],[0.3796,0.3092],[0.382,0.3188],[0.376,0.332],[0.3784,0.3344],[0.3784,0.3404],[0.3844,0.3464],[0.3844,0.35],[0.382,0.3512],[0.3748,0.3488],[0.37,0.3524],[0.3724,0.3584],[0.3664,0.3668],[0.3676,0.374],[0.3604,0.3752],[0.3568,0.38],[0.3616,0.3848],[0.3628,0.3908],[0.3568,0.3968],[0.3568,0.3992],[0.3496,0.404],[0.3448,0.41],[0.3472,0.4124],[0.3556,0.4148],[0.3808,0.4148],[0.3868,0.4136],[0.3952,0.4076],[0.4096,0.4112],[0.4144,0.4028],[0.4132,0.3944],[0.4168,0.3932],[0.424,0.4028],[0.4312,0.4052],[0.442,0.4028],[0.4528,0.4136],[0.4516,0.4148]]]}},{"type":"Feature","properties":{"biome_class":"woodland_shrubland"},"geometry":{"type":"Polygon","coordinates":[[[-0.2396,0.7172],[-0.2456,0.716],[-0.2528,0.7112],[-0.2612,0.71],[-0.2696,0.7028],[-0.2732,0.7028],[-0.2732,0.6932],[-0.2816,0.6776],[-0.2816,0.6704],[-0.284,0.6644],[-0.2864,0.6596],[-0.2936,0.6536],[-0.2984,0.6536],[-0.3068,0.6488],[-0.3152,0.6476],[-0.3224,0.6536],[-0.326,0.6632],[-0.332,0.6644],[-0.3356,0.674],[-0.3476,0.6788],[-0.3536,0.6788],[-0.3596,0.6728],[-0.3716,0.668],[-0.3824,0.6704],[-0.3848,0.6728],[-0.392,0.6704],[-0.4064,0.6716],[-0.4232,0.6572],[-0.4256,0.6572],[-0.4352,0.6656],[-0.434,0.6596],[-0.4364,0.6572],[-0.4412,0.656],[-0.4448,0.6608],[-0.4472,0.6404],[-0.44,0.6308],[-0.4412,0.626],[-0.446,0.6212],[-0.4424,0.6176],[-0.4436,0.6104],[-0.4472,0.6068],[-0.452,0.608],[-0.4592,0.6008],[-0.4688,0.5996],[-0.476,0.6044],[-0.4796,0.6008],[-0.4916,0.602],[-0.5036,0.608],[-0.5228,0.6104],[-0.5228,0.6068],[-0.5252,0.6044],[-0.5348,0.602],[-0.536,0.5972],[-0.5432,0.5876],[-0.5492,0.584],[-0.5492,0.59],[-0.5528,0.5912],[-0.5516,0.5888],[-0.554,0.5852],[-0.56,0.5828],[-0.5636,0.5768],[-0.5612,0.5756],[-0.5624,0.5732],[-0.548,0.5828],[-0.542,0.5792],[-0.542,0.5768],[-0.5468,0.572],[-0.5444,0.5684],[-0.5372,0.5672],[-0.5336,0.56],[-0.5372,0.5492],[-0.5372,0.5396],[-0.53,0.5276],[-0.5228,0.5228],[-0.5168,0.5228],[-0.512,0.518],[-0.5096,0.5108],[-0.5096,0.5012],[-0.506,0.4976],[-0.5096,0.4868],[-0.5048,0.4844],[-0.5024,0.4784],[-0.5072,0.4736],[-0.5072,0.4676],[-0.5096,0.4628],[-0.5036,0.4556],[-0.506,0.4436],[-0.5084,0.44],[-0.5072,0.4268],[-0.5168,0.4172],[-0.5192,0.4124],[-0.5288,0.4124],[-0.5336,0.4088],[-0.5348,0.38],[-0.53,0.3776],[-0.5288,0.3704],[-0.5396,0.3536],[-0.5408,0.344],[-0.5324,0.3428],[-0.5252,0.3332],[-0.5192,0.3296],[-0.5096,0.3308],[-0.506,0.3248],[-0.5,0.3212],[-0.4952,0.3116],[-0.4904,0.3068],[-0.4832,0.3044],[-0.476,0.2924],[-0.47,0.2876],[-0.4724,0.272],[-0.4688,0.2684],[-0.476,0.266],[-0.476,0.2588],[-0.4472,0.2444],[-0.4472,0.2396],[-0.4508,0.236],[-0.4544,0.2276],[-0.4628,0.2252],[-0.4652,0.2228],[-0.4808,0.2204],[-0.4808,0.212],[-0.4856,0.2084],[-0.488,0.1964],[-0.4928,0.1916],[-0.494,0.1748],[-0.5024,0.1688],[-0.5012,0.164],[-0.5036,0.1568],[-0.506,0.1544],[-0.5144,0.1532],[-0.5156,0.146],[-0.5216,0.14],[-0.5216,0.1316],[-0.5276,0.1256],[-0.5324,0.1256],[-0.536,0.1232],[-0.5432,0.1244],[-0.542,0.116],[-0.5336,0.1076],[-0.5348,0.08],[-0.5264,0.0728],[-0.5264,0.0704],[-0.5336,0.0668],[-0.5336,0.0596],[-0.5372,0.056],[-0.536,0.0416],[-0.5384,0.038],[-0.5384,0.032],[-0.542,0.0284],[-0.554,0.032],[-0.548,0.0224],[-0.5528,0.0212],[-0.5588,0.0164],[-0.5576,0.0128],[-0.554,0.0104],[-0.5528,0.0056],[-0.5528,0.002],[-0.5576,-0.0028],[-0.56,-0.0028],[-0.56,-0.016],[-0.5564,-0.0268],[-0.5624,-0.0304],[-0.5636,-0.0292],[-0.5732,-0.04],[-0.5732,-0.052],[-0.5708,-0.0556],[-0.5756,-0.0616],[-0.5876,-0.07],[-0.5828,-0.0664],[-0.578,-0.0664],[-0.5696,-0.0628],[-0.5648,-0.0652],[-0.5528,-0.0652],[-0.5456,-0.0616],[-0.5408,-0.0628],[-0.5324,-0.0736],[-0.5336,-0.0784],[-0.5372,-0.082],[-0.5372,-0.0856],[-0.542,-0.0892],[-0.5372,-0.0928],[-0.5312,-0.1024],[-0.5288,-0.1108],[-0.5312,-0.1132],[-0.5384,-0.1132],[-0.542,-0.1156],[-0.5396,-0.118],[-0.5396,-0.1264],[-0.5432,-0.1312],[-0.548,-0.1324],[-0.5516,-0.1516],[-0.5564,-0.1624],[-0.5552,-0.1804],[-0.5528,-0.1804],[-0.548,-0.1864],[-0.5504,-0.1828],[-0.5492,-0.1768],[-0.5516,-0.1732],[-0.5492,-0.1708],[-0.5408,-0.1756],[-0.5408,-0.1708],[-0.5324,-0.1624],[-0.5336,-0.154],[-0.53,-0.148],[-0.5108,-0.148],[-0.5132,-0.136],[-0.5096,-0.1312],[-0.5084,-0.1228],[-0.512,-0.124],[-0.5132,-0.1216],[-0.5072,-0.112],[-0.5072,-0.1024],[-0.5012,-0.0976],[-0.488,-0.0964],[-0.4856,-0.1],[-0.4856,-0.106],[-0.4832,-0.1084],[-0.4832,-0.1192],[-0.4736,-0.1192],[-0.4712,-0.1216],[-0.4688,-0.1216],[-0.4652,-0.1168],[-0.4556,-0.1156],[-0.4484,-0.1048],[-0.44,-0.1036],[-0.4376,-0.1],[-0.4376,-0.094],[-0.434,-0.0892],[-0.4304,-0.0916],[-0.4148,-0.0916],[-0.4076,-0.0892],[-0.3968,-0.1],[-0.3932,-0.1],[-0.392,-0.0976],[-0.3728,-0.0976],[-0.3704,-0.1],[-0.3668,-0.1],[-0.3644,-0.0976],[-0.3584,-0.1036],[-0.3608,-0.0904],[-0.3656,-0.0844],[-0.3632,-0.0772],[-0.356,-0.0736],[-0.344,-0.076],[-0.344,-0.0736],[-0.3356,-0.0664],[-0.3344,-0.0616],[-0.3284,-0.0556],[-0.326,-0.058],[-0.3188,-0.058],[-0.3128,-0.0544],[-0.3068,-0.058],[-0.3032,-0.058],[-0.3056,-0.0496],[-0.3092,-0.0484],[-0.3224,-0.034],[-0.3332,-0.0376],[-0.3428,-0.0328],[-0.35,-0.034],[-0.3584,-0.0244],[-0.3632,-0.0244],[-0.3656,-0.0208],[-0.3752,-0.0148],[-0.3824,-0.016],[-0.386,-0.0136],[-0.3884,-0.0148],[-0.3896,-0.0208],[-0.3956,-0.0256],[-0.3968,-0.0244],[-0.3968,-0.0208],[-0.3908,-0.0124],[-0.392,-0.0064],[-0.3884,0.0008],[-0.3788,0.008],[-0.3656,0.0224],[-0.362,0.02],[-0.362,0.0176],[-0.3668,0.0044],[-0.3584,-0.0016],[-0.3584,-0.0064],[-0.356,-0.0088],[-0.3512,-0.0088],[-0.344,-0.0172],[-0.338,-0.0172],[-0.3332,-0.0232],[-0.3152,-0.028],[-0.3104,-0.0316],[-0.3104,-0.0352],[-0.3068,-0.0388],[-0.2876,-0.0424],[-0.2828,-0.0508],[-0.278,-0.0532],[-0.278,-0.0556],[-0.272,-0.0496],[-0.2624,-0.046],[-0.2612,-0.0328],[-0.2636,-0.0256],[-0.2624,-0.0172],[-0.2528,-0.0124],[-0.2492,-0.0124],[-0.2432,-0.0076],[-0.2444,0.0032],[-0.2396,0.0104],[-0.2312,0.0152],[-0.2204,0.014],[-0.2084,-0.004],[-0.2084,-0.0064],[-0.2216,-0.0208],[-0.2216,-0.0244],[-0.218,-0.0292],[-0.2108,-0.0304],[-0.206,-0.0256],[-0.1976,-0.0268],[-0.1868,-0.0388],[-0.188,-0.0436],[-0.1916,-0.0472],[-0.1904,-0.0496],[-0.1832,-0.0532],[-0.176,-0.0616],[-0.1616,-0.064],[-0.1592,-0.0664],[-0.1592,-0.07],[-0.1508,-0.0772],[-0.146,-0.0928],[-0.1412,-0.0952],[-0.1304,-0.0952],[-0.1244,-0.0988],[-0.1268,-0.1084],[-0.134,-0.1156],[-0.1388,-0.1252],[-0.1376,-0.1432],[-0.134,-0.1492],[-0.134,-0.1552],[-0.14,-0.166],[-0.1376,-0.1684],[-0.1376,-0.184],[-0.1316,-0.19],[-0.1316,-0.1876],[-0.128,-0.1864],[-0.1268,-0.1828],[-0.1172,-0.1756],[-0.1064,-0.1756],[-0.098,-0.1816],[-0.0968,-0.1852],[-0.0908,-0.1852],[-0.08,-0.19],[-0.0788,-0.1864],[-0.0656,-0.1804],[-0.0596,-0.1804],[-0.0488,-0.172],[-0.0428,-0.178],[-0.0404,-0.1852],[-0.0308,-0.1876],[-0.026,-0.1948],[-0.008,-0.1948],[-0.0068,-0.1996],[0.0028,-0.2092],[0.0052,-0.2164],[0.0112,-0.2212],[0.0112,-0.2236],[0.0136,-0.2248],[0.016,-0.2224],[0.016,-0.2164],[0.0232,-0.208],[0.0304,-0.2176],[0.0328,-0.2164],[0.0412,-0.2212],[0.0508,-0.2212],[0.0568,-0.2272],[0.058,-0.2308],[0.0544,-0.2368],[0.0544,-0.244],[0.0484,-0.2524],[0.046,-0.2596],[0.0484,-0.2656],[0.0472,-0.2716],[0.0544,-0.286],[0.0544,-0.2956],[0.052,-0.298],[0.07,-0.3004],[0.0796,-0.2956],[0.0892,-0.2968],[0.0892,-0.3088],[0.0856,-0.3184],[0.0856,-0.328],[0.0832,-0.3316],[0.0844,-0.334],[0.082,-0.3376],[0.0856,-0.3448],[0.0796,-0.3508],[0.0784,-0.358],[0.0712,-0.3604],[0.07,-0.3628],[0.07,-0.3664],[0.0676,-0.3688],[0.07,-0.3796],[0.0688,-0.3844],[0.0664,-0.3868],[0.0616,-0.3868],[0.058,-0.3892],[0.0592,-0.3952],[0.07,-0.4132],[0.07,-0.4192],[0.0676,-0.4204],[0.0688,-0.4336],[0.0616,-0.4408],[0.0568,-0.4396],[0.0448,-0.4228],[0.04,-0.4216],[0.0328,-0.4144],[0.0328,-0.418],[0.0292,-0.424],[0.0292,-0.4348],[0.0328,-0.4348],[0.0376,-0.4384],[0.0412,-0.4372],[0.0484,-0.4492],[0.052,-0.448],[0.0556,-0.454],[0.058,-0.4528],[0.064,-0.4552],[0.0664,-0.4576],[0.0652,-0.46],[0.0736,-0.4672],[0.0748,-0.4732],[0.0724,-0.4768],[0.0676,-0.4792],[0.0652,-0.4756],[0.0616,-0.4756],[0.0592,-0.4732],[0.0376,-0.4648],[0.034,-0.466],[0.0268,-0.4732],[0.0208,-0.4696],[0.0232,-0.4624],[0.0088,-0.4708],[0.004,-0.4672],[0.004,-0.472],[0.0088,-0.472],[0.0112,-0.4744],[0.0148,-0.4732],[0.0148,-0.4816],[0.0292,-0.4852],[0.0364,-0.4924],[0.0388,-0.4924],[0.04,-0.4852],[0.046,-0.478],[0.0532,-0.4804],[0.0616,-0.478],[0.0628,-0.4888],[0.0652,-0.4888],[0.0652,-0.4864],[0.0772,-0.4732],[0.0796,-0.4744],[0.0916,-0.4888],[0.0916,-0.4936],[0.0952,-0.4996],[0.0964,-0.5068],[0.1168,-0.5236],[0.1228,-0.5464],[0.1288,-0.5464],[0.1324,-0.5488],[0.136,-0.5548],[0.1468,-0.5644],[0.1504,-0.5632],[0.154,-0.5656],[0.1564,-0.562],[0.1624,-0.562],[0.1816,-0.5836],[0.184,-0.592],[0.1888,-0.5884],[0.196,-0.5896],[0.2056,-0.5848],[0.2104,-0.5944],[0.2104,-0.6004],[0.2044,-0.6124],[0.2032,-0.6196],[0.2008,-0.622],[0.1936,-0.6196],[0.1888,-0.6232],[0.1804,-0.6244],[0.1936,-0.6388],[0.196,-0.6496],[0.1936,-0.6376],[0.1996,-0.6328],[0.2092,-0.6316],[0.2164,-0.6268],[0.2344,-0.6244],[0.2392,-0.622],[0.2404,-0.6148],[0.2476,-0.61],[0.2524,-0.6112],[0.2596,-0.6076],[0.268,-0.6124],[0.2776,-0.6124],[0.3016,-0.6064],[0.3112,-0.5956],[0.3112,-0.5872],[0.3004,-0.5704],[0.2968,-0.556],[0.292,-0.5512],[0.2812,-0.5464],[0.2668,-0.5452],[0.2548,-0.5416],[0.244,-0.532],[0.2272,-0.5104],[0.2188,-0.4948],[0.2104,-0.472],[0.202,-0.4552],[0.1936,-0.4444],[0.184,-0.4228],[0.184,-0.394],[0.1876,-0.3832],[0.1948,-0.376],[0.202,-0.3724],[0.2176,-0.3712],[0.2344,-0.376],[0.2596,-0.388],[0.2872,-0.3952],[0.298,-0.394],[0.3292,-0.3844],[0.3796,-0.3856],[0.3928,-0.3808],[0.4,-0.376],[0.4072,-0.3676],[0.4096,-0.3616],[0.4084,-0.3316],[0.4024,-0.3208],[0.3868,-0.3016],[0.3856,-0.2872],[0.3832,-0.2872],[0.3712,-0.2956],[0.3712,-0.3088],[0.376,-0.3172],[0.376,-0.3304],[0.3796,-0.3352],[0.382,-0.3448],[0.3688,-0.352],[0.3592,-0.3616],[0.3592,-0.3664],[0.3568,-0.37],[0.3508,-0.3652],[0.346,-0.3532],[0.3388,-0.3472],[0.3208,-0.3436],[0.3064,-0.3436],[0.2968,-0.3388],[0.2848,-0.3364],[0.28,-0.3364],[0.274,-0.3424],[0.2428,-0.3388],[0.2296,-0.3292],[0.202,-0.3232],[0.1924,-0.3268],[0.1876,-0.3244],[0.178,-0.3256],[0.1696,-0.322],[0.1516,-0.322],[0.1348,-0.3304],[0.124,-0.352],[0.1156,-0.3556],[0.1108,-0.3556],[0.106,-0.352],[0.0988,-0.3424],[0.0988,-0.3292],[0.1012,-0.3268],[0.1012,-0.3172],[0.1036,-0.3136],[0.1024,-0.3076],[0.1096,-0.292],[0.1084,-0.2824],[0.1036,-0.274],[0.0868,-0.2728],[0.082,-0.268],[0.0724,-0.2452],[0.0724,-0.2068],[0.0592,-0.1936],[0.0508,-0.1804],[0.0484,-0.1744],[0.046,-0.1552],[0.0388,-0.1504],[0.016,-0.1516],[0.004,-0.148],[-0.0008,-0.1444],[-0.0296,-0.1444],[-0.038,-0.1468],[-0.0476,-0.1468],[-0.0692,-0.1552],[-0.0848,-0.1516],[-0.092,-0.1468],[-0.0932,-0.142],[-0.1016,-0.136],[-0.1088,-0.118],[-0.1028,-0.0904],[-0.1088,-0.0844],[-0.1316,-0.07],[-0.1388,-0.0532],[-0.1484,-0.0424],[-0.158,-0.0352],[-0.1604,-0.0292],[-0.1676,-0.022],[-0.1688,-0.0136],[-0.1736,-0.0076],[-0.1748,-0.0028],[-0.1892,0.0128],[-0.2012,0.02],[-0.2132,0.0332],[-0.2156,0.0332],[-0.2228,0.0452],[-0.2324,0.0536],[-0.2396,0.0704],[-0.2552,0.092],[-0.2552,0.104],[-0.2576,0.1124],[-0.2612,0.1184],[-0.2672,0.1232],[-0.2792,0.1436],[-0.2864,0.158],[-0.29,0.1748],[-0.302,0.1976],[-0.3128,0.2084],[-0.3296,0.2192],[-0.3392,0.23],[-0.3416,0.236],[-0.3488,0.2408],[-0.3596,0.2552],[-0.3656,0.2576],[-0.38,0.2732],[-0.3812,0.2864],[-0.386,0.2936],[-0.3872,0.3092],[-0.3908,0.3164],[-0.3992,0.3236],[-0.4004,0.3332],[-0.3908,0.3608],[-0.3776,0.3752],[-0.3704,0.3788],[-0.3548,0.3968],[-0.3476,0.4148],[-0.3464,0.4244],[-0.3416,0.4292],[-0.3224,0.4388],[-0.3116,0.4412],[-0.3044,0.4472],[-0.2924,0.452],[-0.2612,0.452],[-0.242,0.4568],[-0.236,0.4604],[-0.2144,0.458],[-0.2,0.4436],[-0.2024,0.4628],[-0.1976,0.47],[-0.1904,0.4748],[-0.1832,0.4748],[-0.1796,0.4724],[-0.1712,0.4748],[-0.1676,0.4724],[-0.1748,0.4868],[-0.1844,0.4964],[-0.1868,0.5024],[-0.1856,0.5168],[-0.1904,0.5144],[-0.1928,0.5096],[-0.206,0.5108],[-0.2144,0.5192],[-0.2192,0.5312],[-0.23,0.5396],[-0.2336,0.548],[-0.2396,0.554],[-0.2348,0.566],[-0.2252,0.5744],[-0.2252,0.578],[-0.2336,0.5888],[-0.2264,0.602],[-0.2144,0.602],[-0.2096,0.5984],[-0.1964,0.5984],[-0.1892,0.5996],[-0.1832,0.6032],[-0.1736,0.5972],[-0.1688,0.6032],[-0.1928,0.6188],[-0.2048,0.6428],[-0.2072,0.6512],[-0.2192,0.662],[-0.2192,0.6668],[-0.2096,0.6812],[-0.2096,0.698],[-0.2228,0.7136],[-0.23,0.7172],[-0.2396,0.7172]],[[0.1,-0.3832],[0.1012,-0.382],[0.1072,-0.3856],[0.112,-0.3916],[0.1216,-0.3964],[0.1288,-0.4036],[0.1348,-0.4192],[0.1348,-0.4348],[0.1396,-0.442],[0.1444,-0.4708],[0.148,-0.478],[0.1552,-0.484],[0.1636,-0.4876],[0.1828,-0.5032],[0.1864,-0.5152],[0.1792,-0.5332],[0.166,-0.5308],[0.1492,-0.5308],[0.1468,-0.5284],[0.1432,-0.5284],[0.1384,-0.52],[0.1252,-0.5092],[0.1216,-0.4984],[0.1168,-0.4924],[0.1084,-0.4864],[0.1036,-0.4744],[0.1,-0.472],[0.0964,-0.4576],[0.0916,-0.4504],[0.0964,-0.4312],[0.094,-0.4228],[0.0916,-0.4204],[0.0928,-0.406],[0.088,-0.3976],[0.0904,-0.3916],[0.0892,-0.3856],[0.0952,-0.3856],[0.0988,-0.3832],[0.1,-0.3832]],[[-0.4232,0.0932],[-0.416,0.0932],[-0.41,0.0872],[-0.4088,0.0812],[-0.404,0.0764],[-0.404,0.0716],[-0.4088,0.0632],[-0.4172,0.0668],[-0.4172,0.0752],[-0.4232,0.086],[-0.4232,0.0932]],[[-0.4052,0.2852],[-0.4028,0.2804],[-0.404,0.2792],[-0.4076,0.2828],[-0.4052,0.2852]],[[-0.4112,0.5768],[-0.398,0.578],[-0.3872,0.5732],[-0.3812,0.566],[-0.3752,0.554],[-0.3728,0.5444],[-0.3584,0.5252],[-0.356,0.5144],[-0.3584,0.482],[-0.3512,0.4568],[-0.3524,0.4424],[-0.3572,0.4364],[-0.3788,0.4268],[-0.4076,0.4052],[-0.4184,0.3932],[-0.422,0.3824],[-0.4208,0.3812],[-0.4244,0.374],[-0.4328,0.368],[-0.4388,0.3644],[-0.4568,0.3656],[-0.4616,0.362],[-0.4676,0.3608],[-0.482,0.362],[-0.488,0.3596],[-0.4904,0.3644],[-0.4892,0.3692],[-0.4808,0.3812],[-0.4808,0.3908],[-0.4664,0.4088],[-0.4688,0.422],[-0.4772,0.4328],[-0.4796,0.4496],[-0.4784,0.4568],[-0.4736,0.464],[-0.4652,0.4712],[-0.4616,0.4796],[-0.4664,0.5024],[-0.4736,0.5144],[-0.4736,0.5204],[-0.4688,0.5336],[-0.47,0.5384],[-0.4652,0.5516],[-0.4664,0.5612],[-0.4508,0.5732],[-0.4292,0.5768],[-0.4112,0.5768]]]}},{"type":"Feature","properties":{"biome_class":"alpine_tundra"},"geometry":{"type":"Polygon","coordinates":[[[-0.1628,0.3992],[-0.1688,0.392],[-0.1808,0.3848],[-0.1952,0.3896],[-0.2072,0.3872],[-0.212,0.3932],[-0.2216,0.3956],[-0.2264,0.3944],[-0.2276,0.386],[-0.2312,0.3824],[-0.2432,0.3788],[-0.248,0.38],[-0.248,0.3764],[-0.2516,0.3728],[-0.2588,0.3716],[-0.2612,0.368],[-0.2708,0.3644],[-0.2744,0.3608],[-0.278,0.3548],[-0.278,0.338],[-0.2756,0.3308],[-0.278,0.3272],[-0.278,0.3212],[-0.2816,0.3176],[-0.3044,0.3212],[-0.308,0.3176],[-0.3128,0.3176],[-0.3212,0.3044],[-0.332,0.3008],[-0.3416,0.3008],[-0.3392,0.2984],[-0.3392,0.2816],[-0.344,0.2648],[-0.3248,0.2468],[-0.3104,0.242],[-0.3008,0.2276],[-0.2912,0.2264],[-0.2876,0.2228],[-0.2828,0.2072],[-0.2732,0.1964],[-0.2684,0.194],[-0.2684,0.188],[-0.266,0.1832],[-0.2588,0.1796],[-0.2588,0.164],[-0.2612,0.1616],[-0.2612,0.158],[-0.254,0.1412],[-0.2516,0.1412],[-0.2468,0.1328],[-0.236,0.1244],[-0.2264,0.1088],[-0.2192,0.104],[-0.2132,0.1028],[-0.2096,0.104],[-0.2084,0.1076],[-0.2048,0.11],[-0.1988,0.1088],[-0.1916,0.1016],[-0.188,0.0944],[-0.1808,0.0908],[-0.1736,0.0812],[-0.164,0.08],[-0.1388,0.0572],[-0.134,0.0596],[-0.1256,0.0584],[-0.1256,0.0632],[-0.1172,0.0692],[-0.1064,0.0692],[-0.1004,0.0716],[-0.0968,0.068],[-0.092,0.0524],[-0.08,0.0416],[-0.0776,0.0416],[-0.074,0.0344],[-0.0692,0.0308],[-0.0668,0.0308],[-0.0656,0.0344],[-0.0596,0.0332],[-0.05,0.0428],[-0.0392,0.044],[-0.0284,0.0572],[-0.02,0.0572],[-0.0092,0.0668],[-0.0068,0.0668],[0.0004,0.0596],[0.01,0.0584],[0.0208,0.0476],[0.034,0.0416],[0.0544,0.0416],[0.0604,0.0428],[0.0628,0.0452],[0.0676,0.0452],[0.0748,0.05],[0.1048,0.05],[0.1108,0.0548],[0.1216,0.0548],[0.1324,0.0584],[0.1372,0.0572],[0.1432,0.0524],[0.1444,0.0476],[0.1408,0.038],[0.1432,0.0248],[0.1504,0.014],[0.1516,0.0032],[0.1588,-0.004],[0.1636,-0.0136],[0.178,-0.0256],[0.1828,-0.0256],[0.1912,-0.0292],[0.1972,-0.0364],[0.208,-0.0376],[0.214,-0.0484],[0.2176,-0.0496],[0.2296,-0.0604],[0.2308,-0.0796],[0.2212,-0.0844],[0.2176,-0.0904],[0.22,-0.094],[0.2212,-0.112],[0.2236,-0.1156],[0.2272,-0.1192],[0.2392,-0.1156],[0.2512,-0.1252],[0.2632,-0.1216],[0.2716,-0.1324],[0.2836,-0.1384],[0.286,-0.142],[0.2932,-0.1444],[0.2992,-0.1528],[0.3064,-0.1588],[0.31,-0.1588],[0.3184,-0.1636],[0.3232,-0.1624],[0.3316,-0.1696],[0.3388,-0.1672],[0.3472,-0.1732],[0.3484,-0.1648],[0.3616,-0.154],[0.3796,-0.154],[0.394,-0.1456],[0.4072,-0.148],[0.4192,-0.142],[0.4288,-0.13],[0.4336,-0.1276],[0.4372,-0.1216],[0.4456,-0.1192],[0.4456,-0.1144],[0.4504,-0.1108],[0.4504,-0.1072],[0.4432,-0.0988],[0.4432,-0.0964],[0.4516,-0.0856],[0.4516,-0.0772],[0.4492,-0.0736],[0.4492,-0.0688],[0.4516,-0.0652],[0.4456,-0.0616],[0.4432,-0.0532],[0.4528,-0.0412],[0.4528,-0.0376],[0.4492,-0.034],[0.4492,-0.028],[0.4468,-0.0244],[0.448,-0.0148],[0.4432,-0.01],[0.4384,0.0044],[0.4348,0.0092],[0.436,0.02],[0.4336,0.0272],[0.4264,0.0344],[0.418,0.0356],[0.4096,0.0416],[0.4108,0.0464],[0.424,0.0596],[0.4108,0.0692],[0.4036,0.0776],[0.3892,0.0848],[0.3868,0.0872],[0.388,0.0908],[0.3856,0.0944],[0.376,0.098],[0.3532,0.1004],[0.3472,0.1076],[0.3424,0.1076],[0.3376,0.1112],[0.3364,0.116],[0.3328,0.1196],[0.3184,0.1256],[0.3172,0.128],[0.3112,0.1292],[0.3052,0.1364],[0.3004,0.1352],[0.2956,0.1376],[0.2848,0.1376],[0.2752,0.14],[0.2656,0.1508],[0.2608,0.1508],[0.2548,0.1556],[0.2332,0.1568],[0.2212,0.1688],[0.2104,0.1712],[0.1864,0.1688],[0.1756,0.1724],[0.172,0.1784],[0.1648,0.1784],[0.1624,0.1748],[0.1576,0.176],[0.1492,0.17],[0.1432,0.1724],[0.142,0.1748],[0.1372,0.1748],[0.1348,0.182],[0.1312,0.1856],[0.1336,0.1988],[0.1288,0.2024],[0.1264,0.2072],[0.1264,0.2132],[0.1192,0.2204],[0.1132,0.2312],[0.118,0.2456],[0.1144,0.248],[0.1036,0.2468],[0.0988,0.2492],[0.07,0.2516],[0.0604,0.2636],[0.0592,0.278],[0.0544,0.2816],[0.0532,0.29],[0.0472,0.296],[0.0268,0.3032],[0.0196,0.3104],[0.0076,0.3068],[-0.0116,0.3068],[-0.0188,0.3116],[-0.026,0.3116],[-0.0404,0.3008],[-0.0416,0.296],[-0.05,0.2864],[-0.0608,0.2864],[-0.0692,0.2948],[-0.074,0.296],[-0.086,0.3044],[-0.1112,0.3092],[-0.116,0.314],[-0.116,0.3164],[-0.1136,0.3272],[-0.1064,0.3392],[-0.104,0.3512],[-0.1088,0.3524],[-0.116,0.35],[-0.1208,0.3548],[-0.1184,0.3644],[-0.1208,0.368],[-0.1196,0.3716],[-0.122,0.3812],[-0.1304,0.3848],[-0.1364,0.3908],[-0.1448,0.3872],[-0.1496,0.3908],[-0.1544,0.3908],[-0.1604,0.3968],[-0.1628,0.3992]],[[-0.2048,0.3692],[-0.2036,0.3704],[-0.2,0.3656],[-0.1844,0.3644],[-0.1748,0.3608],[-0.1652,0.3632],[-0.1616,0.3608],[-0.1592,0.356],[-0.152,0.356],[-0.1436,0.3488],[-0.134,0.332],[-0.1364,0.3236],[-0.1496,0.3104],[-0.1508,0.3056],[-0.1484,0.302],[-0.1364,0.2972],[-0.1268,0.2876],[-0.1232,0.2888],[-0.1124,0.2852],[-0.1064,0.2888],[-0.0956,0.2888],[-0.0884,0.284],[-0.0824,0.2828],[-0.0752,0.2768],[-0.0716,0.278],[-0.068,0.2708],[-0.0572,0.2732],[-0.0488,0.2672],[-0.0428,0.2672],[-0.038,0.2612],[-0.0308,0.2612],[-0.0272,0.2576],[-0.0092,0.2576],[0.0028,0.2684],[-0.008,0.2804],[-0.0044,0.284],[0.004,0.284],[0.01,0.2924],[0.016,0.2948],[0.0376,0.2924],[0.046,0.2852],[0.046,0.2792],[0.0544,0.2708],[0.0568,0.2588],[0.064,0.248],[0.0748,0.2396],[0.0784,0.2396],[0.0808,0.2372],[0.0928,0.2348],[0.1,0.2372],[0.1036,0.236],[0.1012,0.2276],[0.106,0.224],[0.106,0.2048],[0.1108,0.1988],[0.1192,0.1952],[0.1228,0.188],[0.1228,0.1808],[0.1252,0.1784],[0.1288,0.1784],[0.1336,0.1712],[0.1432,0.1652],[0.1636,0.1652],[0.1672,0.1628],[0.1756,0.164],[0.1792,0.1616],[0.1888,0.1628],[0.1924,0.1604],[0.1948,0.1628],[0.1996,0.1616],[0.208,0.1664],[0.2128,0.1664],[0.2176,0.1628],[0.2176,0.1604],[0.2212,0.1592],[0.2236,0.1532],[0.2284,0.1508],[0.2452,0.1508],[0.2512,0.1484],[0.2524,0.146],[0.262,0.146],[0.2668,0.14],[0.274,0.1376],[0.28,0.1328],[0.298,0.1304],[0.3052,0.1244],[0.3076,0.1244],[0.316,0.1112],[0.322,0.1052],[0.3184,0.092],[0.3232,0.0896],[0.3364,0.0908],[0.34,0.0932],[0.3484,0.0896],[0.3544,0.0896],[0.3616,0.0944],[0.3652,0.0944],[0.3688,0.0908],[0.3712,0.0836],[0.3772,0.0824],[0.3772,0.0764],[0.3832,0.0716],[0.3856,0.0656],[0.394,0.0644],[0.3964,0.0608],[0.4,0.0596],[0.3964,0.0548],[0.3832,0.0548],[0.3772,0.0428],[0.3784,0.0356],[0.3916,0.026],[0.4048,0.0308],[0.4144,0.0248],[0.418,0.0212],[0.418,0.0152],[0.424,0.008],[0.424,0.0008],[0.43,-0.0088],[0.4276,-0.016],[0.4264,-0.0328],[0.4144,-0.0424],[0.4156,-0.0496],[0.4108,-0.0604],[0.4108,-0.0628],[0.418,-0.0652],[0.4216,-0.07],[0.4264,-0.0724],[0.4252,-0.0808],[0.4204,-0.0844],[0.4216,-0.0928],[0.4144,-0.0976],[0.4144,-0.1012],[0.418,-0.1072],[0.4132,-0.1132],[0.4144,-0.1156],[0.412,-0.1192],[0.4048,-0.124],[0.406,-0.1312],[0.4024,-0.1348],[0.394,-0.1348],[0.3892,-0.13],[0.3832,-0.1288],[0.3772,-0.136],[0.3604,-0.1372],[0.3556,-0.1408],[0.3448,-0.136],[0.3412,-0.13],[0.3364,-0.13],[0.334,-0.1336],[0.3244,-0.1396],[0.316,-0.1396],[0.31,-0.1432],[0.304,-0.1372],[0.304,-0.1336],[0.2932,-0.1252],[0.292,-0.1156],[0.2896,-0.1144],[0.2896,-0.112],[0.2836,-0.1108],[0.28,-0.1072],[0.2752,-0.1084],[0.2728,-0.1012],[0.2692,-0.1],[0.2668,-0.0964],[0.2728,-0.0784],[0.2572,-0.0676],[0.2524,-0.0616],[0.262,-0.0448],[0.256,-0.0376],[0.2404,-0.0292],[0.238,-0.022],[0.2308,-0.0136],[0.2308,-0.0076],[0.2236,-0.0028],[0.2176,-0.0016],[0.2092,0.0068],[0.2056,0.0164],[0.202,0.02],[0.1984,0.02],[0.1888,0.0308],[0.1804,0.032],[0.1804,0.0392],[0.1708,0.0512],[0.1708,0.0548],[0.1672,0.0608],[0.1684,0.0668],[0.166,0.0728],[0.1612,0.0788],[0.1552,0.0824],[0.148,0.0824],[0.1408,0.0788],[0.1276,0.0764],[0.1192,0.0776],[0.1168,0.0752],[0.1108,0.0788],[0.1048,0.0776],[0.0988,0.086],[0.0808,0.0908],[0.0676,0.0884],[0.064,0.0896],[0.0496,0.0848],[0.0484,0.0788],[0.0424,0.0752],[0.0376,0.0824],[0.0304,0.0836],[0.0136,0.0944],[0.0004,0.0944],[-0.0056,0.0908],[-0.0068,0.0836],[-0.0104,0.08],[-0.0128,0.08],[-0.0224,0.0872],[-0.0284,0.0872],[-0.038,0.0824],[-0.0428,0.0788],[-0.044,0.0752],[-0.044,0.0608],[-0.0548,0.0548],[-0.062,0.056],[-0.0644,0.0584],[-0.0668,0.062],[-0.0656,0.0704],[-0.0776,0.0752],[-0.0848,0.0836],[-0.092,0.0848],[-0.0956,0.0896],[-0.1064,0.0884],[-0.1148,0.0752],[-0.1232,0.0704],[-0.1256,0.0716],[-0.1292,0.068],[-0.1388,0.0764],[-0.1448,0.0764],[-0.152,0.0728],[-0.1568,0.0752],[-0.1664,0.086],[-0.176,0.0908],[-0.1856,0.1004],[-0.1892,0.1112],[-0.2036,0.122],[-0.2072,0.1292],[-0.2168,0.1304],[-0.2276,0.128],[-0.2516,0.1532],[-0.2528,0.1748],[-0.2504,0.1772],[-0.2504,0.1892],[-0.254,0.1916],[-0.2612,0.1916],[-0.2732,0.2],[-0.2792,0.2072],[-0.2828,0.2156],[-0.284,0.2336],[-0.2924,0.236],[-0.296,0.2396],[-0.296,0.242],[-0.2924,0.2456],[-0.2936,0.2516],[-0.302,0.2564],[-0.314,0.272],[-0.32,0.2744],[-0.3224,0.2792],[-0.3272,0.2816],[-0.3308,0.2924],[-0.314,0.2936],[-0.3104,0.29],[-0.2996,0.2924],[-0.2816,0.2924],[-0.2768,0.2984],[-0.2744,0.3104],[-0.2708,0.3152],[-0.2708,0.3236],[-0.2744,0.326],[-0.2744,0.3284],[-0.2708,0.3332],[-0.2708,0.344],[-0.266,0.3476],[-0.2624,0.356],[-0.2636,0.3608],[-0.2576,0.3632],[-0.2528,0.362],[-0.2432,0.3668],[-0.2312,0.3668],[-0.218,0.3632],[-0.206,0.3692],[-0.2048,0.3692]]]}},{"type":"Feature","properties":{"biome_class":"subalpine_wet_forest"},"geometry":{"type":"Polygon","coordinates":[[[-0.1844,0.4448],[-0.1904,0.4436],[-0.194,0.44],[-0.2,0.4424],[-0.2024,0.4364],[-0.2132,0.428],[-0.2132,0.422],[-0.2168,0.4184],[-0.2324,0.4184],[-0.2432,0.4148],[-0.2516,0.4052],[-0.2516,0.4016],[-0.2564,0.3956],[-0.272,0.3848],[-0.2768,0.3848],[-0.2792,0.3776],[-0.2864,0.3728],[-0.296,0.362],[-0.3032,0.3608],[-0.308,0.3632],[-0.3248,0.3632],[-0.338,0.3608],[-0.35,0.3548],[-0.3596,0.3452],[-0.3632,0.3308],[-0.368,0.3284],[-0.368,0.3248],[-0.3716,0.32],[-0.3704,0.314],[-0.3668,0.3104],[-0.3644,0.2984],[-0.362,0.296],[-0.362,0.2888],[-0.3572,0.2828],[-0.3584,0.2756],[-0.356,0.2672],[-0.35,0.2588],[-0.3344,0.2468],[-0.332,0.2396],[-0.3272,0.236],[-0.3248,0.2312],[-0.32,0.2312],[-0.3164,0.2276],[-0.314,0.2288],[-0.3104,0.2252],[-0.308,0.2252],[-0.3056,0.2204],[-0.296,0.2156],[-0.2948,0.212],[-0.2864,0.2036],[-0.2804,0.1868],[-0.2732,0.1796],[-0.2732,0.1568],[-0.2684,0.152],[-0.2612,0.1376],[-0.2552,0.1316],[-0.254,0.1244],[-0.2468,0.122],[-0.2432,0.1184],[-0.2444,0.1076],[-0.2396,0.104],[-0.2396,0.0944],[-0.2336,0.0848],[-0.2276,0.0812],[-0.2216,0.0752],[-0.2216,0.0728],[-0.212,0.0644],[-0.2108,0.0584],[-0.2072,0.0584],[-0.2036,0.0548],[-0.1988,0.0452],[-0.2,0.0404],[-0.1952,0.0344],[-0.1796,0.0332],[-0.1724,0.026],[-0.1712,0.0224],[-0.1628,0.0164],[-0.1544,0.014],[-0.146,0.0068],[-0.1436,0.002],[-0.1376,-0.0004],[-0.134,0.0008],[-0.1256,-0.0064],[-0.1232,-0.016],[-0.1136,-0.0244],[-0.1148,-0.0376],[-0.1124,-0.0376],[-0.11,-0.0412],[-0.11,-0.0544],[-0.104,-0.0616],[-0.098,-0.064],[-0.0848,-0.0628],[-0.0716,-0.0736],[-0.0632,-0.0676],[-0.0572,-0.0676],[-0.0524,-0.0652],[-0.044,-0.0652],[-0.0356,-0.07],[-0.0212,-0.0688],[-0.0104,-0.0784],[-0.008,-0.0844],[-0.0044,-0.0856],[0.0016,-0.0928],[0.0112,-0.0928],[0.0196,-0.0808],[0.0304,-0.0796],[0.0304,-0.0772],[0.034,-0.0736],[0.0544,-0.07],[0.0604,-0.0724],[0.064,-0.0772],[0.0688,-0.0772],[0.082,-0.0844],[0.0868,-0.0892],[0.0904,-0.0988],[0.106,-0.0976],[0.112,-0.0988],[0.1144,-0.1012],[0.1156,-0.1216],[0.1132,-0.1252],[0.1132,-0.13],[0.1156,-0.1396],[0.1192,-0.1456],[0.1324,-0.1576],[0.1372,-0.166],[0.1456,-0.1624],[0.154,-0.1624],[0.1648,-0.1672],[0.1768,-0.1804],[0.1696,-0.1864],[0.1624,-0.196],[0.1456,-0.2056],[0.1408,-0.2008],[0.1324,-0.1792],[0.1276,-0.1852],[0.118,-0.1852],[0.112,-0.19],[0.106,-0.19],[0.1024,-0.1936],[0.0988,-0.2068],[0.0916,-0.214],[0.0928,-0.2284],[0.0964,-0.2344],[0.1048,-0.2356],[0.1216,-0.2512],[0.1216,-0.2548],[0.1336,-0.2656],[0.1312,-0.2728],[0.1252,-0.2812],[0.1252,-0.2956],[0.1168,-0.304],[0.1156,-0.3148],[0.1108,-0.3232],[0.1216,-0.3208],[0.1264,-0.3124],[0.136,-0.3124],[0.1432,-0.3148],[0.1456,-0.3124],[0.1528,-0.3136],[0.1564,-0.3112],[0.1624,-0.3112],[0.1672,-0.316],[0.1816,-0.3172],[0.19,-0.322],[0.2056,-0.316],[0.2344,-0.3256],[0.2404,-0.334],[0.2452,-0.3352],[0.2656,-0.3352],[0.2716,-0.3388],[0.2776,-0.3292],[0.292,-0.3292],[0.3016,-0.3388],[0.3088,-0.3412],[0.3124,-0.3412],[0.3124,-0.3376],[0.3172,-0.3376],[0.3232,-0.3424],[0.3304,-0.3424],[0.334,-0.3448],[0.3388,-0.3436],[0.352,-0.3604],[0.3568,-0.3616],[0.3604,-0.3592],[0.3676,-0.3484],[0.3784,-0.3424],[0.3688,-0.3352],[0.37,-0.3004],[0.3664,-0.2956],[0.3664,-0.2872],[0.3532,-0.2608],[0.3556,-0.274],[0.3616,-0.2824],[0.3568,-0.2884],[0.3568,-0.2944],[0.3592,-0.2968],[0.3604,-0.3028],[0.3604,-0.316],[0.3556,-0.3232],[0.3604,-0.3316],[0.3592,-0.3328],[0.3568,-0.3328],[0.3556,-0.3304],[0.3472,-0.3328],[0.3412,-0.3316],[0.334,-0.3376],[0.328,-0.3364],[0.3196,-0.3304],[0.304,-0.328],[0.2944,-0.322],[0.2908,-0.3244],[0.2752,-0.3232],[0.2692,-0.328],[0.2596,-0.3304],[0.2572,-0.328],[0.2536,-0.3292],[0.2512,-0.3268],[0.25,-0.3208],[0.2536,-0.31],[0.25,-0.3088],[0.2452,-0.3028],[0.2464,-0.2968],[0.2428,-0.2908],[0.2428,-0.286],[0.238,-0.2824],[0.2392,-0.2704],[0.2368,-0.2656],[0.2308,-0.2584],[0.2248,-0.2572],[0.2176,-0.25],[0.2164,-0.2464],[0.22,-0.2392],[0.2248,-0.2344],[0.2272,-0.2344],[0.2332,-0.226],[0.238,-0.2236],[0.244,-0.2248],[0.25,-0.2212],[0.2512,-0.2164],[0.2656,-0.2032],[0.2728,-0.2032],[0.28,-0.2104],[0.2848,-0.2092],[0.2884,-0.2056],[0.304,-0.202],[0.3124,-0.2068],[0.3268,-0.2056],[0.3376,-0.2116],[0.3292,-0.202],[0.3244,-0.1888],[0.3316,-0.1768],[0.3352,-0.1732],[0.3424,-0.1708],[0.3388,-0.1684],[0.3316,-0.1708],[0.3232,-0.1636],[0.3184,-0.1648],[0.31,-0.16],[0.3064,-0.16],[0.298,-0.1528],[0.2932,-0.1456],[0.286,-0.1432],[0.2836,-0.1396],[0.2716,-0.1336],[0.2632,-0.1228],[0.2512,-0.1264],[0.2392,-0.1168],[0.2272,-0.1204],[0.2224,-0.1156],[0.22,-0.112],[0.22,-0.1012],[0.2164,-0.0904],[0.2212,-0.0832],[0.2296,-0.0796],[0.2284,-0.0604],[0.2128,-0.0484],[0.208,-0.0388],[0.1972,-0.0376],[0.1912,-0.0304],[0.1828,-0.0268],[0.178,-0.0268],[0.1624,-0.0136],[0.1576,-0.004],[0.1504,0.0032],[0.1492,0.014],[0.142,0.0248],[0.1396,0.038],[0.1432,0.0476],[0.1408,0.0536],[0.1324,0.0572],[0.1216,0.0536],[0.1108,0.0536],[0.1048,0.0488],[0.0748,0.0488],[0.0604,0.0416],[0.034,0.0404],[0.0208,0.0464],[0.01,0.0572],[0.0004,0.0584],[-0.0068,0.0656],[-0.0092,0.0656],[-0.0224,0.0548],[-0.0284,0.056],[-0.0392,0.0428],[-0.05,0.0416],[-0.0596,0.032],[-0.0656,0.0332],[-0.0668,0.0296],[-0.0692,0.0296],[-0.0752,0.0344],[-0.0776,0.0404],[-0.08,0.0404],[-0.0932,0.0524],[-0.098,0.068],[-0.1004,0.0704],[-0.1064,0.068],[-0.1172,0.068],[-0.1244,0.0632],[-0.1256,0.0572],[-0.134,0.0584],[-0.1388,0.056],[-0.164,0.0788],[-0.1736,0.08],[-0.1808,0.0896],[-0.1892,0.0944],[-0.1928,0.1016],[-0.1988,0.1076],[-0.2048,0.1088],[-0.2096,0.1028],[-0.2132,0.1016],[-0.2216,0.104],[-0.23,0.1112],[-0.2324,0.1184],[-0.2372,0.1244],[-0.248,0.1328],[-0.2516,0.14],[-0.2552,0.1412],[-0.2624,0.158],[-0.2624,0.1616],[-0.26,0.164],[-0.26,0.1796],[-0.2672,0.1832],[-0.2696,0.188],[-0.2696,0.194],[-0.2732,0.1952],[-0.284,0.2072],[-0.2888,0.2228],[-0.2948,0.2264],[-0.3008,0.2264],[-0.3056,0.2312],[-0.3104,0.2408],[-0.3248,0.2456],[-0.3308,0.2528],[-0.3428,0.2612],[-0.3452,0.2648],[-0.3404,0.2816],[-0.3404,0.2984],[-0.3428,0.3008],[-0.3212,0.3056],[-0.3152,0.3164],[-0.3128,0.3188],[-0.3056,0.32],[-0.3044,0.3224],[-0.2816,0.3188],[-0.2792,0.3212],[-0.2792,0.3272],[-0.2768,0.3308],[-0.2792,0.338],[-0.2792,0.3548],[-0.2708,0.3656],[-0.2612,0.3692],[-0.2588,0.3728],[-0.2516,0.374],[-0.248,0.3812],[-0.2432,0.38],[-0.2312,0.3836],[-0.2288,0.386],[-0.2276,0.3944],[-0.2228,0.3968],[-0.212,0.3944],[-0.2072,0.3884],[-0.1952,0.3908],[-0.1808,0.386],[-0.1688,0.3932],[-0.1628,0.4004],[-0.1604,0.398],[-0.1664,0.4052],[-0.1664,0.41],[-0.1748,0.4172],[-0.176,0.4364],[-0.182,0.4424],[-0.1844,0.4448]]]}},{"type":"Feature","properties":{"biome_class":"permanent_snow"},"geometry":{"type":"Polygon","coordinates":[[[-0.2036,0.3692],[-0.218,0.362],[-0.2312,0.3656],[-0.2432,0.3656],[-0.2528,0.3608],[-0.2624,0.3608],[-0.2612,0.356],[-0.2648,0.3476],[-0.2696,0.344],[-0.2696,0.3332],[-0.2732,0.3284],[-0.2732,0.326],[-0.2696,0.3236],[-0.2696,0.3152],[-0.2732,0.3104],[-0.2756,0.2984],[-0.2816,0.2912],[-0.2996,0.2912],[-0.3104,0.2888],[-0.314,0.2924],[-0.3296,0.2924],[-0.326,0.2816],[-0.3224,0.2804],[-0.32,0.2756],[-0.314,0.2732],[-0.3068,0.266],[-0.3068,0.2624],[-0.302,0.2576],[-0.2924,0.2516],[-0.2912,0.2456],[-0.2948,0.242],[-0.2948,0.2396],[-0.2828,0.2336],[-0.2816,0.2156],[-0.278,0.2072],[-0.2732,0.2012],[-0.2612,0.1928],[-0.254,0.1928],[-0.2492,0.1892],[-0.2492,0.1772],[-0.2516,0.1748],[-0.2504,0.1532],[-0.2396,0.1436],[-0.2372,0.1388],[-0.2276,0.1292],[-0.2168,0.1316],[-0.2072,0.1304],[-0.2024,0.122],[-0.188,0.1112],[-0.1844,0.1004],[-0.176,0.092],[-0.1664,0.0872],[-0.1568,0.0764],[-0.152,0.074],[-0.1448,0.0776],[-0.1388,0.0776],[-0.1292,0.0692],[-0.1256,0.0728],[-0.1232,0.0716],[-0.1148,0.0764],[-0.1124,0.0788],[-0.1112,0.0848],[-0.1064,0.0896],[-0.0956,0.0908],[-0.092,0.086],[-0.0848,0.0848],[-0.0776,0.0764],[-0.0656,0.0716],[-0.0656,0.062],[-0.0632,0.0584],[-0.0548,0.056],[-0.0452,0.0608],[-0.0452,0.0752],[-0.044,0.0788],[-0.038,0.0836],[-0.0284,0.0884],[-0.0224,0.0884],[-0.0128,0.0812],[-0.0104,0.0812],[-0.008,0.0836],[-0.0068,0.0908],[0.0004,0.0956],[0.0136,0.0956],[0.0304,0.0848],[0.0412,0.0848],[0.0496,0.0896],[0.07,0.0932],[0.0736,0.0956],[0.0904,0.0956],[0.0976,0.1004],[0.1324,0.0944],[0.1408,0.0944],[0.1468,0.1004],[0.154,0.1148],[0.148,0.1268],[0.1396,0.1268],[0.1312,0.122],[0.1204,0.1316],[0.1192,0.1352],[0.1024,0.1376],[0.0964,0.146],[0.0964,0.1496],[0.0892,0.1568],[0.0652,0.1724],[0.0544,0.1748],[0.034,0.1976],[0.0292,0.1988],[0.01,0.2108],[0.0016,0.2132],[-0.0068,0.224],[-0.0152,0.2312],[-0.0368,0.2348],[-0.0488,0.2444],[-0.0536,0.2444],[-0.0692,0.2528],[-0.0812,0.2564],[-0.092,0.266],[-0.098,0.2744],[-0.1244,0.2804],[-0.1508,0.2972],[-0.1604,0.3068],[-0.158,0.3212],[-0.1484,0.3356],[-0.1508,0.3416],[-0.1592,0.3512],[-0.1628,0.3512],[-0.1664,0.3548],[-0.176,0.3572],[-0.1868,0.3632],[-0.2,0.3644],[-0.2012,0.3668],[-0.2036,0.3692]]]}},{"type":"Feature","properties":{"biome_class":"woodland_shrubland"},"geometry":{"type":"Polygon","coordinates":[[[-0.5324,-0.382],[-0.5372,-0.3856],[-0.5372,-0.388],[-0.5312,-0.3952],[-0.5312,-0.3988],[-0.5348,-0.4036],[-0.5372,-0.4132],[-0.542,-0.418],[-0.5348,-0.4264],[-0.5348,-0.43],[-0.5312,-0.4324],[-0.53,-0.4408],[-0.524,-0.4468],[-0.5204,-0.4576],[-0.5228,-0.46],[-0.5396,-0.4588],[-0.5516,-0.4696],[-0.548,-0.4684],[-0.5408,-0.472],[-0.5336,-0.4804],[-0.5324,-0.4864],[-0.5288,-0.4912],[-0.5204,-0.4948],[-0.512,-0.502],[-0.5024,-0.502],[-0.494,-0.4972],[-0.488,-0.4972],[-0.4808,-0.4996],[-0.4712,-0.4996],[-0.4688,-0.5032],[-0.4688,-0.5068],[-0.4796,-0.5176],[-0.4868,-0.52],[-0.4892,-0.5476],[-0.4928,-0.544],[-0.4928,-0.5392],[-0.5012,-0.5284],[-0.518,-0.5272],[-0.5264,-0.5296],[-0.5288,-0.5332],[-0.5252,-0.5404],[-0.5168,-0.5488],[-0.518,-0.5536],[-0.5156,-0.5572],[-0.5168,-0.5632],[-0.5252,-0.5692],[-0.5216,-0.5836],[-0.5276,-0.5884],[-0.5264,-0.5944],[-0.524,-0.5944],[-0.5168,-0.6028],[-0.5096,-0.6076],[-0.5036,-0.6316],[-0.488,-0.6328],[-0.4808,-0.6376],[-0.4772,-0.6364],[-0.4712,-0.6388],[-0.4592,-0.6388],[-0.4484,-0.6268],[-0.4496,-0.6208],[-0.458,-0.6076],[-0.4544,-0.5992],[-0.4484,-0.6112],[-0.4328,-0.622],[-0.434,-0.6244],[-0.4316,-0.6316],[-0.4244,-0.6364],[-0.4232,-0.6412],[-0.4184,-0.6424],[-0.4136,-0.6472],[-0.3992,-0.6544],[-0.3836,-0.6556],[-0.3728,-0.6616],[-0.374,-0.6712],[-0.3908,-0.6904],[-0.3896,-0.7048],[-0.3956,-0.7132],[-0.3932,-0.7096],[-0.3836,-0.7108],[-0.3692,-0.7048],[-0.3572,-0.73],[-0.3548,-0.742],[-0.35,-0.742],[-0.344,-0.7492],[-0.3344,-0.7468],[-0.3152,-0.748],[-0.3092,-0.7528],[-0.3092,-0.7552],[-0.2996,-0.754],[-0.2876,-0.748],[-0.278,-0.748],[-0.2672,-0.7396],[-0.266,-0.73],[-0.2696,-0.724],[-0.2732,-0.7216],[-0.2828,-0.7216],[-0.2912,-0.7132],[-0.2888,-0.7108],[-0.2804,-0.7096],[-0.2768,-0.7072],[-0.2384,-0.7072],[-0.2312,-0.7],[-0.2264,-0.6916],[-0.23,-0.6772],[-0.224,-0.6736],[-0.2144,-0.6724],[-0.2132,-0.6688],[-0.2228,-0.6448],[-0.2312,-0.6328],[-0.2324,-0.6256],[-0.2408,-0.6088],[-0.2528,-0.6016],[-0.272,-0.6004],[-0.2816,-0.592],[-0.2816,-0.5884],[-0.2852,-0.5824],[-0.302,-0.5812],[-0.3176,-0.5764],[-0.326,-0.5716],[-0.3368,-0.5692],[-0.3392,-0.5656],[-0.3392,-0.5584],[-0.344,-0.5548],[-0.3524,-0.5548],[-0.368,-0.5596],[-0.3908,-0.562],[-0.3944,-0.5548],[-0.3872,-0.526],[-0.38,-0.5188],[-0.3728,-0.4972],[-0.3536,-0.4768],[-0.3524,-0.4732],[-0.3548,-0.4684],[-0.3656,-0.4588],[-0.3776,-0.4528],[-0.3884,-0.454],[-0.3944,-0.4516],[-0.404,-0.4396],[-0.4064,-0.4324],[-0.4136,-0.4276],[-0.4184,-0.4108],[-0.4304,-0.4012],[-0.4448,-0.4012],[-0.4472,-0.4084],[-0.4508,-0.412],[-0.4568,-0.4072],[-0.4592,-0.3976],[-0.4616,-0.3964],[-0.4652,-0.3964],[-0.4748,-0.4012],[-0.4808,-0.4228],[-0.4856,-0.43],[-0.4892,-0.4276],[-0.4916,-0.4216],[-0.4964,-0.4168],[-0.4976,-0.406],[-0.5012,-0.4024],[-0.5036,-0.4024],[-0.5048,-0.4084],[-0.5168,-0.4204],[-0.5192,-0.4204],[-0.524,-0.4156],[-0.524,-0.4132],[-0.518,-0.4048],[-0.5168,-0.388],[-0.5192,-0.3844],[-0.5312,-0.3832],[-0.5324,-0.382]]]}},{"type":"Feature","properties":{"biome_class":"temperate_forest"},"geometry":{"type":"Polygon","coordinates":[[[-0.236,0.4592],[-0.242,0.4556],[-0.2612,0.4508],[-0.2924,0.4508],[-0.3044,0.446],[-0.3116,0.44],[-0.3224,0.4376],[-0.3416,0.428],[-0.3452,0.4244],[-0.3464,0.4148],[-0.3536,0.3968],[-0.3656,0.3824],[-0.3776,0.374],[-0.3896,0.3608],[-0.3992,0.3332],[-0.398,0.3236],[-0.3896,0.3164],[-0.386,0.3092],[-0.3848,0.2936],[-0.38,0.2864],[-0.3788,0.2732],[-0.3656,0.2588],[-0.3584,0.2552],[-0.3488,0.242],[-0.3404,0.236],[-0.3332,0.224],[-0.32,0.2132],[-0.3128,0.2096],[-0.296,0.1904],[-0.2864,0.1688],[-0.2852,0.158],[-0.278,0.1436],[-0.266,0.1232],[-0.26,0.1184],[-0.2564,0.1124],[-0.254,0.104],[-0.254,0.092],[-0.2384,0.0704],[-0.2312,0.0536],[-0.2216,0.0452],[-0.2156,0.0344],[-0.2132,0.0344],[-0.2012,0.0212],[-0.1892,0.014],[-0.1736,-0.0028],[-0.1724,-0.0076],[-0.1676,-0.0136],[-0.1664,-0.022],[-0.1592,-0.0292],[-0.1568,-0.0352],[-0.1412,-0.0484],[-0.1304,-0.07],[-0.1088,-0.0832],[-0.1016,-0.0904],[-0.1076,-0.118],[-0.1004,-0.136],[-0.092,-0.142],[-0.0896,-0.148],[-0.0728,-0.154],[-0.0572,-0.1504],[-0.0476,-0.1456],[-0.038,-0.1456],[-0.0296,-0.1432],[-0.0008,-0.1432],[0.004,-0.1468],[0.016,-0.1504],[0.0388,-0.1492],[0.0472,-0.1552],[0.0496,-0.1744],[0.052,-0.1804],[0.0604,-0.1936],[0.0736,-0.2068],[0.0736,-0.2452],[0.0832,-0.268],[0.0868,-0.2716],[0.1036,-0.2728],[0.1096,-0.2824],[0.1108,-0.292],[0.1036,-0.3076],[0.1048,-0.3136],[0.1024,-0.3172],[0.1024,-0.3268],[0.1,-0.3292],[0.1,-0.3424],[0.1024,-0.3472],[0.1108,-0.3544],[0.1156,-0.3544],[0.124,-0.3508],[0.1336,-0.3304],[0.1516,-0.3208],[0.1696,-0.3208],[0.178,-0.3244],[0.1876,-0.3232],[0.1924,-0.3256],[0.202,-0.322],[0.2116,-0.3232],[0.22,-0.3268],[0.2296,-0.328],[0.2428,-0.3376],[0.274,-0.3412],[0.28,-0.3352],[0.2848,-0.3352],[0.2968,-0.3376],[0.3064,-0.3424],[0.3304,-0.3436],[0.3424,-0.3484],[0.3388,-0.3448],[0.334,-0.346],[0.3304,-0.3436],[0.3232,-0.3436],[0.3172,-0.3388],[0.3124,-0.3388],[0.31,-0.3424],[0.3016,-0.34],[0.292,-0.3304],[0.2776,-0.3304],[0.274,-0.3376],[0.2704,-0.34],[0.2656,-0.3364],[0.256,-0.3376],[0.2512,-0.3352],[0.2404,-0.3352],[0.2344,-0.3268],[0.2308,-0.3268],[0.2116,-0.3184],[0.2092,-0.3196],[0.2044,-0.3172],[0.19,-0.3232],[0.1816,-0.3184],[0.1672,-0.3172],[0.1624,-0.3124],[0.1564,-0.3124],[0.1528,-0.3148],[0.1456,-0.3136],[0.1432,-0.316],[0.136,-0.3136],[0.1264,-0.3136],[0.1216,-0.322],[0.1108,-0.3244],[0.1096,-0.3232],[0.1144,-0.3148],[0.1156,-0.304],[0.124,-0.2956],[0.1252,-0.292],[0.1252,-0.2776],[0.13,-0.2728],[0.1324,-0.2656],[0.1204,-0.2548],[0.1204,-0.2512],[0.1048,-0.2368],[0.0952,-0.2344],[0.0916,-0.2284],[0.0904,-0.214],[0.0976,-0.2068],[0.1012,-0.1936],[0.106,-0.1888],[0.112,-0.1888],[0.118,-0.184],[0.1276,-0.184],[0.1324,-0.178],[0.136,-0.1828],[0.1372,-0.1912],[0.1456,-0.2044],[0.1624,-0.1948],[0.1684,-0.1864],[0.1756,-0.1804],[0.1648,-0.1684],[0.154,-0.1636],[0.1456,-0.1636],[0.1372,-0.1672],[0.1312,-0.1576],[0.118,-0.1456],[0.1144,-0.1396],[0.112,-0.13],[0.112,-0.1252],[0.1144,-0.1216],[0.1132,-0.1012],[0.106,-0.0988],[0.0904,-0.1],[0.088,-0.0976],[0.0856,-0.0892],[0.082,-0.0856],[0.0688,-0.0784],[0.064,-0.0784],[0.0604,-0.0736],[0.0544,-0.0712],[0.034,-0.0748],[0.0316,-0.0796],[0.028,-0.082],[0.0196,-0.082],[0.0112,-0.094],[0.0016,-0.094],[-0.0044,-0.0868],[-0.0092,-0.0844],[-0.0116,-0.0784],[-0.0212,-0.07],[-0.0356,-0.0712],[-0.044,-0.0664],[-0.0524,-0.0664],[-0.0572,-0.0688],[-0.0632,-0.0688],[-0.0716,-0.0748],[-0.0848,-0.064],[-0.098,-0.0652],[-0.104,-0.0628],[-0.1112,-0.0544],[-0.1112,-0.0412],[-0.116,-0.0376],[-0.1148,-0.0244],[-0.1244,-0.016],[-0.1268,-0.0064],[-0.134,-0.0004],[-0.1376,-0.0016],[-0.1436,0.0008],[-0.1472,0.0068],[-0.1544,0.0128],[-0.1628,0.0152],[-0.1712,0.0212],[-0.1796,0.032],[-0.1952,0.0332],[-0.2012,0.0404],[-0.2,0.0452],[-0.2048,0.0548],[-0.2072,0.0572],[-0.2108,0.0572],[-0.2132,0.0644],[-0.2228,0.0728],[-0.2228,0.0752],[-0.2276,0.08],[-0.2348,0.0848],[-0.2408,0.0944],[-0.2408,0.104],[-0.2456,0.1076],[-0.2444,0.1184],[-0.2552,0.1244],[-0.2564,0.1316],[-0.2624,0.1376],[-0.2696,0.152],[-0.2744,0.1568],[-0.2744,0.1796],[-0.2816,0.1868],[-0.2876,0.2036],[-0.296,0.212],[-0.296,0.2144],[-0.3044,0.218],[-0.308,0.224],[-0.3104,0.224],[-0.314,0.2276],[-0.3164,0.2264],[-0.32,0.23],[-0.3248,0.23],[-0.3284,0.236],[-0.3332,0.2396],[-0.3356,0.2468],[-0.3512,0.2588],[-0.3572,0.2672],[-0.3596,0.2756],[-0.3584,0.2828],[-0.3632,0.2888],[-0.3632,0.296],[-0.3656,0.2984],[-0.3656,0.3032],[-0.368,0.3104],[-0.3716,0.314],[-0.3728,0.32],[-0.3692,0.3248],[-0.3692,0.3284],[-0.3644,0.3308],[-0.3608,0.3452],[-0.35,0.356],[-0.338,0.362],[-0.3248,0.3644],[-0.308,0.3644],[-0.2984,0.362],[-0.2864,0.374],[-0.2804,0.3776],[-0.2768,0.386],[-0.272,0.386],[-0.2564,0.3968],[-0.2528,0.4016],[-0.2528,0.4052],[-0.2432,0.416],[-0.2324,0.4196],[-0.2168,0.4196],[-0.2144,0.422],[-0.2144,0.428],[-0.2036,0.4364],[-0.2012,0.4436],[-0.2072,0.4484],[-0.212,0.4556],[-0.23,0.4592],[-0.236,0.4592]],[[0.1084,-0.3376],[0.1132,-0.3364],[0.1156,-0.34],[0.106,-0.3412],[0.106,-0.3376],[0.1084,-0.3376]],[[-0.0764,-0.0964],[-0.0764,-0.1096],[-0.086,-0.1168],[-0.0872,-0.1096],[-0.0896,-0.1072],[-0.0824,-0.1036],[-0.08,-0.1],[-0.0764,-0.0964]]]}},{"type":"Feature","properties":{"biome_class":"alpine_fellfield"},"geometry":{"type":"Polygon","coordinates":[[[-0.182,0.362],[-0.176,0.3584],[-0.1664,0.356],[-0.1628,0.3524],[-0.1592,0.3524],[-0.1496,0.3416],[-0.1472,0.3356],[-0.1568,0.3212],[-0.1592,0.3068],[-0.1508,0.2984],[-0.14,0.2924],[-0.134,0.2864],[-0.1136,0.278],[-0.098,0.2756],[-0.0908,0.266],[-0.0812,0.2576],[-0.0692,0.254],[-0.0536,0.2456],[-0.0488,0.2456],[-0.0368,0.236],[-0.0152,0.2324],[-0.0056,0.224],[0.0016,0.2144],[0.01,0.212],[0.0292,0.2],[0.034,0.1988],[0.0544,0.176],[0.0652,0.1736],[0.0892,0.158],[0.0976,0.1496],[0.0976,0.146],[0.1024,0.1388],[0.1192,0.1364],[0.1216,0.1316],[0.1312,0.1232],[0.1396,0.128],[0.148,0.128],[0.1516,0.1244],[0.1552,0.1148],[0.148,0.1004],[0.1408,0.0932],[0.1216,0.0944],[0.118,0.0968],[0.1144,0.0956],[0.0976,0.0992],[0.094,0.0956],[0.0856,0.0932],[0.0736,0.0944],[0.0604,0.0896],[0.0532,0.0896],[0.0412,0.0836],[0.034,0.0836],[0.0376,0.0836],[0.0424,0.0764],[0.0472,0.0788],[0.0496,0.086],[0.064,0.0908],[0.0676,0.0896],[0.0808,0.092],[0.0988,0.0872],[0.1048,0.0788],[0.1108,0.08],[0.1168,0.0764],[0.1192,0.0788],[0.1276,0.0776],[0.1408,0.08],[0.148,0.0836],[0.1552,0.0836],[0.1612,0.08],[0.1696,0.0668],[0.1684,0.0608],[0.172,0.0548],[0.172,0.0512],[0.1816,0.0392],[0.1816,0.032],[0.1888,0.032],[0.1984,0.0212],[0.202,0.0212],[0.2068,0.0164],[0.2104,0.0068],[0.2176,-0.0004],[0.2284,-0.004],[0.232,-0.0076],[0.232,-0.0136],[0.2392,-0.022],[0.2416,-0.0292],[0.256,-0.0364],[0.2632,-0.0448],[0.2536,-0.0616],[0.2572,-0.0664],[0.274,-0.0784],[0.2716,-0.0856],[0.2752,-0.0772],[0.2668,-0.0688],[0.2572,-0.064],[0.2572,-0.0604],[0.2632,-0.0544],[0.2632,-0.052],[0.2704,-0.0424],[0.2644,-0.0412],[0.256,-0.0364],[0.25,-0.0292],[0.2476,-0.0292],[0.244,-0.0256],[0.2428,-0.0196],[0.2356,-0.0112],[0.2356,-0.004],[0.2296,-0.0004],[0.2272,0.0044],[0.2176,0.0068],[0.214,0.0104],[0.2092,0.0212],[0.2008,0.0296],[0.1984,0.0296],[0.184,0.0452],[0.1756,0.062],[0.1792,0.068],[0.1792,0.0836],[0.1888,0.092],[0.1936,0.0944],[0.1996,0.0944],[0.2056,0.1004],[0.2164,0.1028],[0.2224,0.1064],[0.2344,0.1052],[0.2416,0.1088],[0.2644,0.1088],[0.2752,0.0932],[0.286,0.086],[0.2932,0.062],[0.3028,0.0548],[0.3184,0.0536],[0.3172,0.0464],[0.3196,0.0428],[0.322,0.0296],[0.3388,0.0188],[0.346,0.02],[0.3508,0.0128],[0.3604,0.0032],[0.3652,0.0008],[0.3712,-0.01],[0.3724,-0.016],[0.3784,-0.0244],[0.3772,-0.0292],[0.3796,-0.0436],[0.3736,-0.0484],[0.3688,-0.058],[0.3676,-0.0676],[0.3724,-0.076],[0.3748,-0.0868],[0.3808,-0.0928],[0.3832,-0.0988],[0.3868,-0.1012],[0.3844,-0.1036],[0.3856,-0.106],[0.382,-0.112],[0.3784,-0.1156],[0.37,-0.1168],[0.3676,-0.1252],[0.358,-0.1264],[0.352,-0.1312],[0.3352,-0.1252],[0.328,-0.1336],[0.3124,-0.1396],[0.3064,-0.1372],[0.304,-0.1312],[0.2968,-0.1264],[0.2944,-0.1216],[0.2944,-0.1252],[0.3052,-0.1336],[0.3052,-0.1372],[0.31,-0.142],[0.316,-0.1384],[0.3244,-0.1384],[0.334,-0.1324],[0.3364,-0.1288],[0.3412,-0.1288],[0.3448,-0.1348],[0.3556,-0.1396],[0.3604,-0.136],[0.3772,-0.1348],[0.3832,-0.1276],[0.3892,-0.1288],[0.394,-0.1336],[0.4024,-0.1336],[0.4048,-0.1312],[0.4036,-0.124],[0.4108,-0.1192],[0.4132,-0.1156],[0.412,-0.1132],[0.4168,-0.1072],[0.4132,-0.1012],[0.4132,-0.0976],[0.4204,-0.0928],[0.4192,-0.0844],[0.424,-0.0808],[0.4252,-0.0724],[0.4216,-0.0712],[0.418,-0.0664],[0.4108,-0.064],[0.4096,-0.0604],[0.4144,-0.0496],[0.4132,-0.0424],[0.4252,-0.0328],[0.4264,-0.016],[0.4288,-0.0088],[0.4228,0.0008],[0.4228,0.008],[0.418,0.0128],[0.4168,0.0212],[0.4144,0.0236],[0.4048,0.0296],[0.3916,0.0248],[0.3772,0.0356],[0.376,0.0428],[0.382,0.0548],[0.3964,0.056],[0.3988,0.0596],[0.3964,0.0596],[0.394,0.0632],[0.3856,0.0644],[0.382,0.0716],[0.376,0.0764],[0.376,0.0824],[0.3724,0.0812],[0.37,0.0836],[0.3652,0.0932],[0.3616,0.0932],[0.3544,0.0884],[0.3484,0.0884],[0.34,0.092],[0.3364,0.0896],[0.3232,0.0884],[0.3172,0.092],[0.3208,0.1052],[0.3148,0.1112],[0.3076,0.1232],[0.3052,0.1232],[0.298,0.1292],[0.28,0.1316],[0.274,0.1364],[0.2668,0.1388],[0.262,0.1448],[0.2524,0.1448],[0.2512,0.1472],[0.2452,0.1496],[0.2284,0.1496],[0.2236,0.152],[0.22,0.1592],[0.2176,0.1592],[0.2164,0.1628],[0.2128,0.1652],[0.208,0.1652],[0.1996,0.1604],[0.1948,0.1616],[0.1924,0.1592],[0.1888,0.1616],[0.1792,0.1604],[0.1756,0.1628],[0.1672,0.1616],[0.1636,0.164],[0.1432,0.164],[0.1336,0.17],[0.1288,0.1772],[0.1252,0.1772],[0.1216,0.1808],[0.1216,0.188],[0.118,0.1952],[0.1108,0.1976],[0.1048,0.2048],[0.1048,0.224],[0.1,0.2276],[0.1024,0.236],[0.0952,0.2336],[0.0808,0.236],[0.0784,0.2384],[0.0748,0.2384],[0.064,0.2468],[0.0556,0.2588],[0.0532,0.2708],[0.0448,0.2792],[0.0448,0.2852],[0.0376,0.2912],[0.016,0.2936],[0.01,0.2912],[0.004,0.2828],[-0.0044,0.2828],[-0.0068,0.2804],[0.004,0.2684],[-0.0008,0.2624],[-0.0056,0.2612],[-0.0092,0.2564],[-0.0272,0.2564],[-0.0308,0.26],[-0.038,0.26],[-0.0428,0.266],[-0.0488,0.266],[-0.0572,0.272],[-0.068,0.2696],[-0.0716,0.2768],[-0.0752,0.2756],[-0.0824,0.2816],[-0.0884,0.2828],[-0.0956,0.2876],[-0.1064,0.2876],[-0.1124,0.284],[-0.1232,0.2876],[-0.1268,0.2864],[-0.1364,0.296],[-0.1484,0.3008],[-0.152,0.3056],[-0.1508,0.3104],[-0.14,0.32],[-0.1364,0.3272],[-0.1352,0.332],[-0.14,0.3428],[-0.152,0.3548],[-0.1592,0.3548],[-0.1652,0.362],[-0.1724,0.3596],[-0.1808,0.362],[-0.182,0.362]]]}},{"type":"Feature","properties":{"biome_class":"subalpine_dry_scrub"},"geometry":{"type":"Polygon","coordinates":[[[-0.1292,0.4592],[-0.1292,0.4388],[-0.1328,0.428],[-0.1316,0.41],[-0.1244,0.3872],[-0.1184,0.3776],[-0.116,0.3584],[-0.1124,0.3524],[-0.1052,0.3536],[-0.1028,0.3512],[-0.1064,0.338],[-0.1064,0.3284],[-0.1028,0.3176],[-0.098,0.3128],[-0.0884,0.308],[-0.074,0.2972],[-0.0692,0.296],[-0.0608,0.2876],[-0.05,0.2876],[-0.0428,0.296],[-0.0416,0.3008],[-0.0344,0.308],[-0.0308,0.308],[-0.026,0.3128],[-0.0188,0.3128],[-0.0116,0.308],[0.0076,0.308],[0.0196,0.3116],[0.0268,0.3044],[0.0472,0.2972],[0.0544,0.29],[0.0556,0.2816],[0.0604,0.278],[0.0616,0.2636],[0.07,0.2528],[0.0988,0.2504],[0.1036,0.248],[0.1144,0.2492],[0.1192,0.2456],[0.1144,0.2312],[0.1204,0.2204],[0.1276,0.2132],[0.1276,0.2072],[0.13,0.2024],[0.1348,0.1988],[0.1324,0.1856],[0.136,0.182],[0.1372,0.176],[0.142,0.176],[0.1432,0.1736],[0.1492,0.1712],[0.1576,0.1772],[0.1624,0.176],[0.1648,0.1796],[0.172,0.1796],[0.1756,0.1736],[0.1864,0.17],[0.1948,0.17],[0.202,0.1724],[0.2212,0.17],[0.2332,0.158],[0.2548,0.1568],[0.2608,0.152],[0.2656,0.152],[0.2752,0.1412],[0.2848,0.1388],[0.2956,0.1388],[0.3004,0.1364],[0.3052,0.1376],[0.3112,0.1304],[0.3172,0.1292],[0.3184,0.1268],[0.3328,0.1208],[0.3376,0.116],[0.3376,0.1124],[0.3424,0.1088],[0.3472,0.1088],[0.3532,0.1016],[0.376,0.0992],[0.3856,0.0956],[0.3892,0.0908],[0.3892,0.086],[0.4036,0.0788],[0.4108,0.0704],[0.4252,0.0596],[0.4168,0.0524],[0.412,0.0464],[0.4108,0.0416],[0.418,0.0368],[0.4264,0.0356],[0.4348,0.0272],[0.4372,0.02],[0.436,0.0092],[0.4396,0.0044],[0.4444,-0.01],[0.4492,-0.0148],[0.448,-0.0244],[0.4504,-0.028],[0.4504,-0.034],[0.454,-0.0376],[0.454,-0.0412],[0.4468,-0.0484],[0.4444,-0.0568],[0.4468,-0.0616],[0.4528,-0.0652],[0.4504,-0.0688],[0.4528,-0.0856],[0.4444,-0.0964],[0.4444,-0.0988],[0.4516,-0.1072],[0.4516,-0.1108],[0.4468,-0.1144],[0.4468,-0.1192],[0.4444,-0.1216],[0.4372,-0.1228],[0.4348,-0.1276],[0.43,-0.13],[0.4192,-0.1432],[0.394,-0.154],[0.3808,-0.1696],[0.3712,-0.1888],[0.3724,-0.1984],[0.376,-0.202],[0.382,-0.2176],[0.3856,-0.2224],[0.3856,-0.2296],[0.388,-0.232],[0.3844,-0.2536],[0.388,-0.2824],[0.3868,-0.286],[0.3928,-0.2824],[0.3988,-0.2824],[0.4132,-0.2764],[0.4156,-0.2704],[0.4156,-0.2596],[0.4204,-0.2548],[0.4228,-0.244],[0.4228,-0.2368],[0.4192,-0.2296],[0.4228,-0.2188],[0.4216,-0.1972],[0.4264,-0.19],[0.4252,-0.184],[0.4348,-0.1744],[0.4384,-0.1672],[0.4372,-0.16],[0.4396,-0.1552],[0.4468,-0.1492],[0.4588,-0.1492],[0.4624,-0.1372],[0.4612,-0.136],[0.4684,-0.1312],[0.4708,-0.1264],[0.4828,-0.1204],[0.484,-0.118],[0.49,-0.1156],[0.4924,-0.1108],[0.4948,-0.1108],[0.4948,-0.1048],[0.4888,-0.094],[0.4936,-0.0904],[0.4936,-0.0856],[0.4972,-0.0808],[0.4996,-0.0712],[0.4996,-0.0664],[0.4912,-0.058],[0.4936,-0.0484],[0.4888,-0.0436],[0.4804,-0.0268],[0.484,-0.022],[0.4804,-0.016],[0.4864,-0.0052],[0.4816,0.0008],[0.4816,0.0092],[0.4792,0.0104],[0.4732,0.0224],[0.4732,0.0284],[0.4696,0.032],[0.466,0.0404],[0.4636,0.0596],[0.4564,0.0668],[0.4444,0.0668],[0.442,0.0692],[0.4444,0.0728],[0.4444,0.0788],[0.442,0.0812],[0.442,0.0872],[0.4384,0.0896],[0.4408,0.098],[0.4372,0.1052],[0.4252,0.1028],[0.4204,0.1064],[0.4216,0.1208],[0.4156,0.1292],[0.4168,0.1388],[0.4132,0.14],[0.412,0.1448],[0.4072,0.1496],[0.4,0.1484],[0.3964,0.152],[0.3916,0.1532],[0.3844,0.1472],[0.376,0.1472],[0.3736,0.1448],[0.364,0.1436],[0.3556,0.1328],[0.3496,0.1328],[0.346,0.1304],[0.3328,0.1304],[0.3208,0.1376],[0.3172,0.1412],[0.3184,0.1424],[0.3124,0.1448],[0.3112,0.1472],[0.2956,0.1472],[0.292,0.1508],[0.2824,0.1508],[0.2788,0.1556],[0.2704,0.1568],[0.2632,0.1604],[0.2584,0.1664],[0.2524,0.1664],[0.2476,0.1628],[0.2428,0.1628],[0.2344,0.17],[0.2332,0.1748],[0.2296,0.1748],[0.2248,0.1796],[0.1864,0.1796],[0.1756,0.188],[0.1528,0.1904],[0.1456,0.1976],[0.1432,0.2048],[0.1396,0.2084],[0.1372,0.218],[0.1336,0.2204],[0.1312,0.2264],[0.1312,0.2312],[0.1372,0.2384],[0.1384,0.2516],[0.1324,0.2564],[0.1228,0.2588],[0.0976,0.2576],[0.094,0.2612],[0.0892,0.2624],[0.082,0.272],[0.0748,0.2732],[0.0724,0.2756],[0.0676,0.29],[0.0616,0.2936],[0.0544,0.3056],[0.0484,0.3092],[0.0448,0.314],[0.0364,0.3128],[0.0316,0.3164],[0.0316,0.32],[0.028,0.3236],[0.0268,0.3284],[0.016,0.3344],[0.0112,0.3344],[0.0064,0.3296],[-0.0008,0.3308],[-0.0044,0.3344],[-0.0152,0.3332],[-0.0212,0.3296],[-0.0332,0.332],[-0.0368,0.3344],[-0.0464,0.3344],[-0.0608,0.3272],[-0.0716,0.3248],[-0.08,0.338],[-0.08,0.344],[-0.0752,0.3524],[-0.0788,0.3572],[-0.0752,0.3692],[-0.0848,0.3764],[-0.086,0.3908],[-0.092,0.3992],[-0.0968,0.4016],[-0.1004,0.4064],[-0.1016,0.428],[-0.1124,0.4316],[-0.1076,0.4412],[-0.1076,0.446],[-0.11,0.4484],[-0.1172,0.4496],[-0.1268,0.4568],[-0.1292,0.4592]]]}},{"type":"Feature","properties":{"biome_class":"permanent_snow"},"geometry":{"type":"Polygon","coordinates":[[[0.2416,0.1076],[0.2344,0.104],[0.2224,0.1052],[0.2164,0.1016],[0.2056,0.0992],[0.1996,0.0932],[0.1936,0.0932],[0.1804,0.0836],[0.1804,0.068],[0.1768,0.062],[0.1852,0.0452],[0.1984,0.0308],[0.2008,0.0308],[0.2104,0.0212],[0.2128,0.014],[0.2176,0.008],[0.2272,0.0056],[0.2308,0.002],[0.2308,-0.0004],[0.2368,-0.004],[0.2368,-0.0112],[0.244,-0.0196],[0.2452,-0.0256],[0.25,-0.028],[0.256,-0.0352],[0.2716,-0.0424],[0.2644,-0.052],[0.2644,-0.0544],[0.2584,-0.0604],[0.2596,-0.0652],[0.2668,-0.0676],[0.2764,-0.0772],[0.268,-0.0964],[0.274,-0.1012],[0.2764,-0.1072],[0.2812,-0.106],[0.2824,-0.1084],[0.2884,-0.1096],[0.2908,-0.112],[0.2956,-0.124],[0.3052,-0.1312],[0.3064,-0.136],[0.3124,-0.1384],[0.322,-0.1336],[0.3256,-0.1336],[0.3352,-0.124],[0.352,-0.13],[0.358,-0.1252],[0.3676,-0.124],[0.3676,-0.118],[0.37,-0.1156],[0.3784,-0.1144],[0.3832,-0.1084],[0.3832,-0.1036],[0.3856,-0.1012],[0.382,-0.0988],[0.3796,-0.0928],[0.3736,-0.0868],[0.3712,-0.076],[0.3664,-0.0676],[0.3676,-0.058],[0.3724,-0.0484],[0.3784,-0.0436],[0.376,-0.0292],[0.3772,-0.0244],[0.3712,-0.016],[0.37,-0.01],[0.364,0.0008],[0.3604,0.002],[0.346,0.0188],[0.3388,0.0176],[0.3208,0.0296],[0.3184,0.0428],[0.316,0.0464],[0.3172,0.0536],[0.3028,0.0536],[0.292,0.062],[0.2848,0.086],[0.274,0.0932],[0.2668,0.1016],[0.2644,0.1076],[0.2416,0.1076]]]}},{"type":"Feature","properties":{"biome_class":"temperate_forest"},"geometry":{"type":"Polygon","coordinates":[[[-0.41,0.5768],[-0.4472,0.5732],[-0.4568,0.5684],[-0.4652,0.5612],[-0.464,0.5516],[-0.4688,0.5384],[-0.4676,0.5336],[-0.4724,0.5204],[-0.4724,0.5144],[-0.4652,0.5024],[-0.4604,0.4796],[-0.464,0.4712],[-0.4724,0.464],[-0.4772,0.4568],[-0.4784,0.452],[-0.476,0.4328],[-0.4676,0.422],[-0.4652,0.4088],[-0.4796,0.3908],[-0.4796,0.3812],[-0.488,0.3692],[-0.488,0.3608],[-0.482,0.3632],[-0.4676,0.362],[-0.4616,0.3632],[-0.4568,0.3668],[-0.4388,0.3656],[-0.4328,0.3692],[-0.4256,0.374],[-0.422,0.3812],[-0.4232,0.3824],[-0.4196,0.3932],[-0.4076,0.4064],[-0.3824,0.4256],[-0.3608,0.4352],[-0.3536,0.4424],[-0.3524,0.4568],[-0.3596,0.482],[-0.3596,0.4916],[-0.3572,0.5],[-0.3572,0.5144],[-0.3596,0.5252],[-0.374,0.5444],[-0.3764,0.554],[-0.3836,0.5684],[-0.3872,0.572],[-0.398,0.5768],[-0.41,0.5768]]]}},{"type":"Feature","properties":{"biome_class":"lowland_steppe"},"geometry":{"type":"Polygon","coordinates":[[[-0.4016,-0.3352],[-0.3968,-0.3424],[-0.3992,-0.3484],[-0.398,-0.3508],[-0.4004,-0.3544],[-0.4064,-0.3556],[-0.4088,-0.358],[-0.4064,-0.3616],[-0.4064,-0.3676],[-0.4088,-0.3688],[-0.3956,-0.382],[-0.3944,-0.3904],[-0.3884,-0.3928],[-0.3932,-0.3964],[-0.4004,-0.3964],[-0.398,-0.4132],[-0.3884,-0.424],[-0.3884,-0.4264],[-0.3932,-0.4336],[-0.3992,-0.4252],[-0.41,-0.4264],[-0.4172,-0.412],[-0.4124,-0.4276],[-0.4052,-0.4324],[-0.4028,-0.4396],[-0.3944,-0.4504],[-0.3884,-0.4528],[-0.3776,-0.4516],[-0.3692,-0.4552],[-0.356,-0.466],[-0.3512,-0.4732],[-0.3548,-0.4804],[-0.3716,-0.4972],[-0.3752,-0.5044],[-0.3776,-0.5164],[-0.386,-0.526],[-0.392,-0.5476],[-0.392,-0.5596],[-0.3848,-0.5608],[-0.368,-0.5584],[-0.3596,-0.5548],[-0.344,-0.5536],[-0.338,-0.5584],[-0.3368,-0.568],[-0.326,-0.5704],[-0.3176,-0.5752],[-0.302,-0.58],[-0.2852,-0.5812],[-0.2804,-0.5884],[-0.2804,-0.592],[-0.272,-0.5992],[-0.2528,-0.6004],[-0.2396,-0.6088],[-0.2312,-0.6256],[-0.23,-0.6328],[-0.2216,-0.6448],[-0.218,-0.6568],[-0.212,-0.6676],[-0.2144,-0.6736],[-0.2288,-0.6772],[-0.2252,-0.6916],[-0.23,-0.7],[-0.2384,-0.7084],[-0.2576,-0.7084],[-0.248,-0.7096],[-0.242,-0.7156],[-0.2348,-0.718],[-0.2312,-0.7144],[-0.2288,-0.7144],[-0.23,-0.712],[-0.2264,-0.7084],[-0.2276,-0.7072],[-0.2228,-0.6928],[-0.224,-0.6856],[-0.2204,-0.6808],[-0.2156,-0.6808],[-0.2072,-0.6856],[-0.2048,-0.6808],[-0.1916,-0.676],[-0.1904,-0.664],[-0.1928,-0.6604],[-0.1928,-0.6556],[-0.1904,-0.652],[-0.1964,-0.6412],[-0.1952,-0.6364],[-0.212,-0.6256],[-0.218,-0.616],[-0.224,-0.6124],[-0.224,-0.6004],[-0.2336,-0.598],[-0.236,-0.5944],[-0.2456,-0.5968],[-0.2528,-0.5968],[-0.2588,-0.5944],[-0.248,-0.5728],[-0.2504,-0.5644],[-0.26,-0.5596],[-0.2684,-0.5512],[-0.278,-0.5512],[-0.2828,-0.5572],[-0.2876,-0.5572],[-0.2948,-0.5608],[-0.2984,-0.5596],[-0.2864,-0.5488],[-0.2828,-0.5488],[-0.2732,-0.5392],[-0.272,-0.5344],[-0.2744,-0.5272],[-0.2816,-0.5212],[-0.2816,-0.5092],[-0.2888,-0.5092],[-0.2924,-0.5128],[-0.2972,-0.5128],[-0.3008,-0.5152],[-0.3032,-0.5056],[-0.3068,-0.502],[-0.3116,-0.5008],[-0.3368,-0.5104],[-0.3536,-0.508],[-0.3572,-0.5044],[-0.3644,-0.502],[-0.3584,-0.4948],[-0.3536,-0.4924],[-0.3476,-0.4924],[-0.3356,-0.4804],[-0.3308,-0.4816],[-0.3212,-0.4792],[-0.3296,-0.4768],[-0.3284,-0.4732],[-0.3224,-0.4696],[-0.3236,-0.4684],[-0.3416,-0.4684],[-0.3464,-0.4648],[-0.3392,-0.454],[-0.3248,-0.4456],[-0.3248,-0.4432],[-0.3176,-0.4384],[-0.3188,-0.4348],[-0.3236,-0.4324],[-0.3224,-0.43],[-0.3284,-0.4228],[-0.3284,-0.4204],[-0.332,-0.4204],[-0.3392,-0.4156],[-0.3452,-0.4228],[-0.3488,-0.424],[-0.3536,-0.4168],[-0.3608,-0.4144],[-0.368,-0.4156],[-0.3704,-0.4132],[-0.3596,-0.4024],[-0.3524,-0.3988],[-0.3416,-0.3868],[-0.3404,-0.3772],[-0.344,-0.3748],[-0.3428,-0.3712],[-0.3392,-0.37],[-0.326,-0.3736],[-0.32,-0.3808],[-0.32,-0.3844],[-0.314,-0.3892],[-0.314,-0.3916],[-0.296,-0.3988],[-0.2984,-0.4036],[-0.2948,-0.4024],[-0.2912,-0.4048],[-0.2852,-0.4012],[-0.2816,-0.4012],[-0.2792,-0.4084],[-0.2792,-0.406],[-0.2696,-0.3928],[-0.2732,-0.3868],[-0.2816,-0.382],[-0.2828,-0.376],[-0.29,-0.3784],[-0.296,-0.3844],[-0.3068,-0.3832],[-0.3068,-0.3724],[-0.2948,-0.3664],[-0.296,-0.3628],[-0.3008,-0.3604],[-0.2996,-0.3592],[-0.3056,-0.3604],[-0.314,-0.3508],[-0.3176,-0.3544],[-0.3188,-0.3652],[-0.3212,-0.3676],[-0.3272,-0.3676],[-0.3296,-0.3652],[-0.3452,-0.3604],[-0.3476,-0.3568],[-0.3476,-0.3472],[-0.3464,-0.3412],[-0.344,-0.3388],[-0.3452,-0.3364],[-0.3476,-0.34],[-0.3476,-0.3472],[-0.3512,-0.352],[-0.3524,-0.3604],[-0.3572,-0.3652],[-0.3584,-0.3712],[-0.3632,-0.376],[-0.374,-0.3808],[-0.3812,-0.3784],[-0.3836,-0.3748],[-0.3908,-0.3748],[-0.3944,-0.37],[-0.3872,-0.3628],[-0.3824,-0.3616],[-0.374,-0.3544],[-0.3752,-0.3436],[-0.3788,-0.3412],[-0.3908,-0.3448],[-0.398,-0.3364],[-0.4004,-0.3364],[-0.4016,-0.3352]]]}},{"type":"Feature","properties":{"biome_class":"alpine_tundra"},"geometry":{"type":"Polygon","coordinates":[[[0.3028,-0.2032],[0.2884,-0.2068],[0.2848,-0.2104],[0.28,-0.2116],[0.2728,-0.2044],[0.2632,-0.2056],[0.2524,-0.2164],[0.25,-0.2224],[0.244,-0.226],[0.238,-0.2248],[0.2332,-0.2272],[0.2272,-0.2356],[0.2248,-0.2356],[0.2212,-0.2392],[0.2176,-0.2464],[0.2248,-0.256],[0.2308,-0.2572],[0.2356,-0.262],[0.2404,-0.2704],[0.2392,-0.2824],[0.244,-0.286],[0.244,-0.2908],[0.2476,-0.2968],[0.2464,-0.3028],[0.25,-0.3076],[0.2548,-0.31],[0.2512,-0.3208],[0.2524,-0.3268],[0.2572,-0.3268],[0.2596,-0.3292],[0.2692,-0.3268],[0.2752,-0.322],[0.2908,-0.3232],[0.2944,-0.3208],[0.304,-0.3268],[0.3196,-0.3292],[0.328,-0.3352],[0.334,-0.3364],[0.3412,-0.3304],[0.3472,-0.3316],[0.3556,-0.3292],[0.3568,-0.3316],[0.3592,-0.3316],[0.3544,-0.322],[0.3592,-0.316],[0.3592,-0.3028],[0.358,-0.2968],[0.3556,-0.2944],[0.3556,-0.2884],[0.3604,-0.2824],[0.3544,-0.274],[0.3496,-0.2548],[0.358,-0.2512],[0.3688,-0.2428],[0.37,-0.238],[0.3772,-0.2368],[0.3784,-0.232],[0.382,-0.2296],[0.382,-0.2236],[0.3796,-0.2188],[0.3736,-0.214],[0.3736,-0.2116],[0.3664,-0.2068],[0.3592,-0.2068],[0.3484,-0.2116],[0.3448,-0.2104],[0.3424,-0.2128],[0.3364,-0.2128],[0.3268,-0.2068],[0.3124,-0.208],[0.304,-0.2032],[0.3028,-0.2032]],[[0.316,-0.3088],[0.3208,-0.3076],[0.322,-0.3112],[0.3196,-0.3124],[0.316,-0.3088]],[[0.2776,-0.304],[0.3004,-0.3028],[0.3124,-0.3088],[0.2932,-0.3136],[0.286,-0.3184],[0.2824,-0.316],[0.274,-0.3148],[0.2788,-0.3052],[0.2776,-0.304]],[[0.2764,-0.2476],[0.2776,-0.2464],[0.2824,-0.25],[0.286,-0.25],[0.292,-0.2464],[0.2944,-0.2488],[0.2824,-0.2584],[0.2836,-0.2632],[0.2776,-0.2752],[0.286,-0.2788],[0.2884,-0.2776],[0.2896,-0.2836],[0.2776,-0.292],[0.2776,-0.3028],[0.2704,-0.2968],[0.2644,-0.2968],[0.2596,-0.2884],[0.2644,-0.2716],[0.2608,-0.2608],[0.262,-0.2572],[0.2704,-0.2488],[0.2728,-0.25],[0.2752,-0.2476],[0.2764,-0.2476]]]}},{"type":"Feature","properties":{"biome_class":"subalpine_woodland"},"geometry":{"type":"Polygon","coordinates":[[[-0.1676,0.6032],[-0.1736,0.596],[-0.1832,0.602],[-0.1892,0.5984],[-0.1964,0.5972],[-0.2096,0.5972],[-0.2144,0.6008],[-0.2264,0.6008],[-0.2324,0.5888],[-0.224,0.578],[-0.224,0.5744],[-0.2276,0.5696],[-0.23,0.5696],[-0.2336,0.566],[-0.2384,0.554],[-0.2324,0.548],[-0.2288,0.5396],[-0.218,0.5312],[-0.2132,0.5192],[-0.206,0.512],[-0.1928,0.5108],[-0.1904,0.5156],[-0.1856,0.518],[-0.1844,0.5168],[-0.1856,0.5024],[-0.1832,0.4964],[-0.1736,0.4868],[-0.17,0.4772],[-0.1664,0.4736],[-0.1676,0.4712],[-0.1712,0.4736],[-0.1796,0.4712],[-0.1832,0.4736],[-0.1904,0.4736],[-0.1976,0.4688],[-0.2012,0.4628],[-0.1988,0.4436],[-0.194,0.4412],[-0.1904,0.4448],[-0.1844,0.446],[-0.1808,0.4436],[-0.1748,0.4364],[-0.1736,0.4172],[-0.1652,0.41],[-0.1652,0.4052],[-0.1604,0.4004],[-0.1592,0.3956],[-0.1448,0.3884],[-0.1364,0.392],[-0.1304,0.386],[-0.1208,0.3812],[-0.1196,0.3728],[-0.1196,0.3776],[-0.1256,0.3872],[-0.134,0.4172],[-0.134,0.428],[-0.1304,0.4388],[-0.1304,0.4592],[-0.1316,0.4616],[-0.1376,0.464],[-0.146,0.4592],[-0.1496,0.4604],[-0.1484,0.4736],[-0.1424,0.4796],[-0.1316,0.4856],[-0.1268,0.4916],[-0.1232,0.5024],[-0.1232,0.512],[-0.1256,0.5192],[-0.1292,0.5252],[-0.1364,0.5288],[-0.1412,0.5288],[-0.1508,0.5396],[-0.158,0.5384],[-0.1676,0.5276],[-0.1772,0.5228],[-0.1784,0.524],[-0.17,0.5396],[-0.17,0.5504],[-0.1544,0.5588],[-0.1496,0.5648],[-0.1484,0.5768],[-0.1664,0.6032],[-0.1676,0.6032]],[[-0.1676,0.47],[-0.164,0.4712],[-0.1592,0.4676],[-0.164,0.4664],[-0.1676,0.47]]]}},{"type":"Feature","properties":{"biome_class":"temperate_forest"},"geometry":{"type":"Polygon","coordinates":[[[0.1012,-0.3832],[0.0952,-0.3868],[0.0904,-0.3856],[0.0916,-0.3916],[0.0892,-0.3952],[0.094,-0.406],[0.0928,-0.4204],[0.0952,-0.4228],[0.0976,-0.4312],[0.0928,-0.4504],[0.0976,-0.4576],[0.1012,-0.472],[0.1048,-0.4744],[0.1096,-0.4864],[0.1168,-0.4912],[0.1228,-0.4984],[0.1264,-0.5092],[0.1396,-0.52],[0.1432,-0.5272],[0.1468,-0.5272],[0.1492,-0.5296],[0.166,-0.5296],[0.1792,-0.532],[0.1792,-0.5272],[0.1852,-0.5152],[0.1816,-0.5032],[0.1468,-0.478],[0.1432,-0.4708],[0.1384,-0.442],[0.1336,-0.4348],[0.1336,-0.4192],[0.1288,-0.406],[0.1216,-0.3976],[0.112,-0.3928],[0.1072,-0.3868],[0.1024,-0.3844],[0.1012,-0.3832]],[[0.0916,-0.3952],[0.1,-0.394],[0.1024,-0.3964],[0.1036,-0.4024],[0.1072,-0.4024],[0.1132,-0.406],[0.1132,-0.4096],[0.1252,-0.4252],[0.1144,-0.4324],[0.1264,-0.4396],[0.1324,-0.454],[0.1324,-0.4612],[0.1348,-0.4672],[0.1324,-0.4708],[0.1276,-0.4732],[0.1264,-0.4804],[0.13,-0.484],[0.1396,-0.484],[0.1444,-0.4936],[0.1444,-0.4972],[0.1492,-0.4996],[0.1528,-0.4972],[0.16,-0.502],[0.1696,-0.5032],[0.1744,-0.508],[0.1756,-0.5188],[0.1732,-0.5224],[0.172,-0.5212],[0.1648,-0.5248],[0.16,-0.5248],[0.1528,-0.52],[0.1516,-0.526],[0.1444,-0.5272],[0.1444,-0.5236],[0.1396,-0.5152],[0.13,-0.5092],[0.1324,-0.5044],[0.1252,-0.4972],[0.124,-0.4936],[0.1192,-0.4888],[0.1144,-0.4876],[0.1072,-0.4792],[0.1072,-0.4732],[0.1048,-0.4732],[0.1012,-0.4696],[0.1036,-0.4672],[0.1096,-0.4672],[0.1048,-0.4588],[0.1108,-0.4468],[0.106,-0.442],[0.1096,-0.4312],[0.1024,-0.4252],[0.1024,-0.4216],[0.0976,-0.418],[0.0976,-0.4024],[0.0916,-0.3964],[0.0916,-0.3952]]]}},{"type":"Feature","properties":{"biome_class":"lowland_steppe"},"geometry":{"type":"Polygon","coordinates":[[[0.1036,-0.622],[0.1012,-0.6232],[0.1012,-0.628],[0.106,-0.6328],[0.1096,-0.6328],[0.112,-0.6364],[0.1108,-0.6388],[0.1168,-0.646],[0.1168,-0.6496],[0.124,-0.652],[0.1264,-0.6544],[0.1264,-0.658],[0.1288,-0.6556],[0.13,-0.6568],[0.1276,-0.6616],[0.13,-0.6616],[0.1312,-0.6676],[0.1408,-0.6676],[0.1444,-0.6736],[0.148,-0.6676],[0.1516,-0.6676],[0.1528,-0.6652],[0.1564,-0.6664],[0.1588,-0.664],[0.1636,-0.664],[0.1648,-0.6688],[0.172,-0.6652],[0.1756,-0.6688],[0.1828,-0.67],[0.1816,-0.6772],[0.1732,-0.6844],[0.172,-0.688],[0.1684,-0.6916],[0.16,-0.6904],[0.16,-0.694],[0.1636,-0.694],[0.1684,-0.6988],[0.1744,-0.6976],[0.178,-0.7],[0.1864,-0.682],[0.19,-0.6784],[0.1948,-0.6808],[0.1936,-0.688],[0.196,-0.694],[0.1936,-0.6964],[0.1924,-0.7048],[0.202,-0.7108],[0.1984,-0.7156],[0.2056,-0.7192],[0.2032,-0.7216],[0.1972,-0.7216],[0.2008,-0.7228],[0.2044,-0.7276],[0.2128,-0.7264],[0.214,-0.73],[0.2164,-0.7312],[0.2056,-0.7348],[0.2044,-0.736],[0.2056,-0.7348],[0.208,-0.7384],[0.2068,-0.7396],[0.2104,-0.7324],[0.214,-0.7324],[0.2164,-0.7372],[0.214,-0.7444],[0.2212,-0.742],[0.2248,-0.7384],[0.2284,-0.742],[0.2368,-0.7408],[0.2344,-0.7372],[0.2392,-0.7336],[0.2464,-0.7348],[0.2464,-0.7312],[0.25,-0.7276],[0.2428,-0.7312],[0.2392,-0.7276],[0.232,-0.7252],[0.2296,-0.7204],[0.2296,-0.706],[0.2272,-0.7024],[0.2224,-0.7],[0.2236,-0.6916],[0.2224,-0.6928],[0.22,-0.6904],[0.22,-0.688],[0.2308,-0.6772],[0.2272,-0.676],[0.2224,-0.6784],[0.2176,-0.6736],[0.208,-0.6748],[0.2008,-0.67],[0.202,-0.6604],[0.1996,-0.6496],[0.1972,-0.6472],[0.1972,-0.6388],[0.1996,-0.634],[0.1948,-0.6376],[0.1972,-0.6436],[0.1948,-0.6484],[0.1924,-0.6388],[0.1816,-0.6268],[0.1828,-0.6328],[0.1888,-0.6376],[0.1876,-0.6412],[0.19,-0.6424],[0.1912,-0.6508],[0.1948,-0.6568],[0.1936,-0.6616],[0.184,-0.6628],[0.1816,-0.6604],[0.1768,-0.6616],[0.166,-0.652],[0.1564,-0.6508],[0.1528,-0.6556],[0.1444,-0.6544],[0.1408,-0.6508],[0.1408,-0.6484],[0.142,-0.6448],[0.1456,-0.6424],[0.1468,-0.6376],[0.1408,-0.6376],[0.1372,-0.634],[0.136,-0.628],[0.136,-0.634],[0.1312,-0.6424],[0.1348,-0.6496],[0.1324,-0.652],[0.124,-0.6424],[0.1216,-0.6424],[0.118,-0.6388],[0.118,-0.6316],[0.1108,-0.628],[0.106,-0.628],[0.1036,-0.6232],[0.1036,-0.622]],[[0.2032,-0.6772],[0.2056,-0.676],[0.2092,-0.6808],[0.214,-0.6808],[0.2188,-0.6772],[0.226,-0.6808],[0.2164,-0.6892],[0.2152,-0.6988],[0.2068,-0.6988],[0.202,-0.6952],[0.1984,-0.688],[0.1984,-0.6832],[0.202,-0.6772],[0.2032,-0.6772]],[[0.1624,-0.6568],[0.1672,-0.6568],[0.1648,-0.6592],[0.1624,-0.6568]]]}},{"type":"Feature","properties":{"biome_class":"subalpine_woodland"},"geometry":{"type":"Polygon","coordinates":[[[0.394,-0.1468],[0.3796,-0.1552],[0.3652,-0.154],[0.3556,-0.1588],[0.3496,-0.1648],[0.3484,-0.1732],[0.3472,-0.1744],[0.3448,-0.172],[0.3412,-0.172],[0.3352,-0.1744],[0.3256,-0.1888],[0.3304,-0.202],[0.3388,-0.2116],[0.3424,-0.2116],[0.3448,-0.2092],[0.3484,-0.2104],[0.3592,-0.2056],[0.3664,-0.2056],[0.3748,-0.2116],[0.3748,-0.214],[0.3808,-0.2188],[0.3832,-0.2236],[0.3832,-0.2296],[0.3796,-0.232],[0.3784,-0.2368],[0.37,-0.2392],[0.3688,-0.244],[0.358,-0.2524],[0.352,-0.2548],[0.3556,-0.2656],[0.3676,-0.2872],[0.3676,-0.2956],[0.3712,-0.3016],[0.37,-0.2956],[0.3808,-0.2872],[0.3856,-0.286],[0.3868,-0.2836],[0.3832,-0.2608],[0.3844,-0.2404],[0.3868,-0.232],[0.3844,-0.2296],[0.3844,-0.2224],[0.3808,-0.2176],[0.3748,-0.202],[0.3712,-0.1984],[0.37,-0.1888],[0.3724,-0.1816],[0.3844,-0.1636],[0.394,-0.1528],[0.4036,-0.148],[0.3964,-0.1468],[0.394,-0.1468]]]}},{"type":"Feature","properties":{"biome_class":"subalpine_wet_forest"},"geometry":{"type":"Polygon","coordinates":[[[0.0928,-0.3952],[0.0988,-0.4024],[0.0988,-0.418],[0.1036,-0.4216],[0.1036,-0.4252],[0.1108,-0.4312],[0.1072,-0.442],[0.112,-0.4468],[0.106,-0.4576],[0.1108,-0.4672],[0.1024,-0.4696],[0.1084,-0.4732],[0.1084,-0.4792],[0.112,-0.4816],[0.1144,-0.4864],[0.1192,-0.4876],[0.1252,-0.4936],[0.1264,-0.4972],[0.1336,-0.5044],[0.1312,-0.5092],[0.1408,-0.5152],[0.1456,-0.5236],[0.1444,-0.526],[0.1516,-0.5248],[0.1528,-0.5188],[0.16,-0.5236],[0.1648,-0.5236],[0.172,-0.52],[0.1732,-0.5212],[0.1732,-0.508],[0.1696,-0.5044],[0.16,-0.5032],[0.1528,-0.4984],[0.1492,-0.5008],[0.1444,-0.4984],[0.1396,-0.4852],[0.13,-0.4852],[0.1252,-0.4804],[0.1264,-0.4732],[0.1336,-0.4672],[0.1312,-0.4612],[0.1312,-0.454],[0.1252,-0.4396],[0.1132,-0.4324],[0.124,-0.4252],[0.112,-0.4096],[0.112,-0.406],[0.1036,-0.4036],[0.1012,-0.3964],[0.0964,-0.3952],[0.0928,-0.3952]]]}},{"type":"Feature","properties":{"biome_class":"lowland_steppe"},"geometry":{"type":"Polygon","coordinates":[[[0.3412,0.7904],[0.3484,0.776],[0.3436,0.7712],[0.3376,0.77],[0.3352,0.7616],[0.3412,0.7604],[0.3436,0.758],[0.3388,0.746],[0.3448,0.746],[0.3484,0.7388],[0.3496,0.7316],[0.346,0.7256],[0.352,0.7256],[0.3532,0.722],[0.358,0.7208],[0.3592,0.7136],[0.3544,0.7088],[0.3544,0.7052],[0.3628,0.7052],[0.3676,0.7016],[0.3772,0.7076],[0.3892,0.6992],[0.3952,0.6992],[0.3904,0.7016],[0.3916,0.704],[0.388,0.7076],[0.3868,0.7064],[0.3796,0.7136],[0.376,0.7148],[0.3868,0.722],[0.3916,0.7208],[0.4024,0.7268],[0.3952,0.728],[0.3952,0.7256],[0.3904,0.7232],[0.3712,0.7208],[0.3628,0.7268],[0.3628,0.7364],[0.364,0.7376],[0.3676,0.7352],[0.3724,0.7436],[0.3904,0.7592],[0.3964,0.7544],[0.3976,0.7604],[0.4084,0.7664],[0.4012,0.776],[0.3952,0.7772],[0.3976,0.7808],[0.3916,0.7796],[0.3904,0.776],[0.394,0.7724],[0.394,0.7664],[0.388,0.764],[0.382,0.758],[0.3772,0.758],[0.3772,0.7544],[0.3676,0.7472],[0.3628,0.7544],[0.364,0.7664],[0.3664,0.7712],[0.3652,0.7832],[0.3592,0.7868],[0.3544,0.7868],[0.3532,0.7904],[0.3484,0.788],[0.3448,0.7904],[0.3412,0.7904]]]}},{"type":"Feature","properties":{"biome_class":"woodland_shrubland"},"geometry":{"type":"Polygon","coordinates":[[[-0.3812,-0.292],[-0.3836,-0.2944],[-0.4028,-0.2968],[-0.41,-0.3004],[-0.4184,-0.2992],[-0.4232,-0.3052],[-0.4316,-0.304],[-0.4364,-0.2992],[-0.446,-0.2944],[-0.4556,-0.2992],[-0.4664,-0.3016],[-0.4748,-0.31],[-0.4796,-0.3112],[-0.482,-0.3208],[-0.4784,-0.3256],[-0.4712,-0.3208],[-0.4604,-0.322],[-0.452,-0.3184],[-0.4364,-0.3196],[-0.4328,-0.3244],[-0.44,-0.3328],[-0.446,-0.334],[-0.4616,-0.3436],[-0.4544,-0.3424],[-0.4496,-0.3484],[-0.4472,-0.3448],[-0.434,-0.3388],[-0.4328,-0.3352],[-0.4352,-0.3292],[-0.428,-0.3244],[-0.428,-0.322],[-0.4208,-0.3136],[-0.404,-0.3124],[-0.3944,-0.3148],[-0.386,-0.3112],[-0.3824,-0.3124],[-0.3764,-0.3088],[-0.3752,-0.3076],[-0.3788,-0.304],[-0.3776,-0.3016],[-0.3812,-0.2944],[-0.38,-0.292],[-0.3812,-0.292]]]}},{"type":"Feature","properties":{"biome_class":"lowland_steppe"},"geometry":{"type":"Polygon","coordinates":[[[0.5608,0.8],[0.5608,0.7904],[0.568,0.7844],[0.568,0.776],[0.5656,0.77],[0.5716,0.7748],[0.58,0.7772],[0.5848,0.7712],[0.5908,0.7712],[0.5944,0.7676],[0.5956,0.7616],[0.598,0.7592],[0.5992,0.7544],[0.5968,0.7484],[0.592,0.7448],[0.5932,0.7328],[0.5896,0.7292],[0.5908,0.7232],[0.5944,0.7208],[0.5908,0.71],[0.5884,0.7088],[0.5884,0.7064],[0.5908,0.7064],[0.5956,0.7112],[0.5944,0.71],[0.592,0.7124],[0.5956,0.7172],[0.5932,0.728],[0.6052,0.7376],[0.6124,0.74],[0.6124,0.7472],[0.6172,0.752],[0.6184,0.7592],[0.622,0.764],[0.6268,0.7688],[0.634,0.77],[0.6364,0.7748],[0.6448,0.7676],[0.6496,0.77],[0.6496,0.7784],[0.646,0.7736],[0.6412,0.7736],[0.6376,0.7772],[0.634,0.7772],[0.6316,0.7748],[0.6268,0.776],[0.6232,0.7736],[0.61,0.776],[0.604,0.7724],[0.5992,0.7748],[0.604,0.782],[0.604,0.7868],[0.6016,0.7868],[0.5992,0.7916],[0.6064,0.7952],[0.6064,0.8],[0.5788,0.8],[0.58,0.7916],[0.5752,0.7868],[0.5704,0.788],[0.5668,0.7916],[0.5632,0.7964],[0.5644,0.8],[0.5608,0.8]]]}},{"type":"Feature","properties":{"biome_class":"lowland_steppe"},"geometry":{"type":"Polygon","coordinates":[[[0.4708,0.8],[0.4684,0.7976],[0.46,0.7988],[0.4528,0.7964],[0.4528,0.7928],[0.4468,0.7856],[0.4396,0.7892],[0.4372,0.7868],[0.4384,0.7832],[0.436,0.7808],[0.4384,0.776],[0.4432,0.7772],[0.4456,0.7748],[0.4456,0.7688],[0.448,0.7652],[0.4528,0.7664],[0.4564,0.7808],[0.4588,0.7832],[0.466,0.7808],[0.4684,0.7784],[0.4684,0.7748],[0.472,0.7748],[0.4744,0.7724],[0.4684,0.7664],[0.4636,0.7496],[0.4636,0.7436],[0.466,0.7448],[0.4648,0.7508],[0.472,0.7592],[0.4732,0.7652],[0.4804,0.77],[0.4876,0.77],[0.496,0.7796],[0.4972,0.7868],[0.5068,0.7952],[0.5008,0.8],[0.4912,0.8],[0.4708,0.8]]]}},{"type":"Feature","properties":{"biome_class":"lowland_steppe"},"geometry":{"type":"Polygon","coordinates":[[[0.616,0.3044],[0.6112,0.296],[0.6124,0.2936],[0.616,0.2924],[0.616,0.2876],[0.6208,0.2816],[0.622,0.2756],[0.6196,0.2732],[0.6136,0.2756],[0.61,0.272],[0.6184,0.2672],[0.6208,0.2624],[0.6148,0.2552],[0.6064,0.254],[0.6064,0.2504],[0.604,0.248],[0.6028,0.2492],[0.6016,0.2468],[0.598,0.2468],[0.6052,0.2468],[0.6112,0.2516],[0.6136,0.248],[0.61,0.2444],[0.6136,0.2444],[0.6184,0.2492],[0.6232,0.2492],[0.6304,0.254],[0.634,0.254],[0.6364,0.2516],[0.6412,0.2396],[0.6376,0.236],[0.6388,0.2324],[0.6448,0.23],[0.646,0.2264],[0.6436,0.2204],[0.6448,0.218],[0.6364,0.2096],[0.6388,0.2048],[0.6364,0.2012],[0.6376,0.2],[0.634,0.1988],[0.634,0.1964],[0.6376,0.1964],[0.64,0.1916],[0.6388,0.1892],[0.6436,0.188],[0.646,0.1916],[0.6496,0.1904],[0.6436,0.194],[0.6496,0.2084],[0.6496,0.2336],[0.6448,0.2408],[0.646,0.2444],[0.6496,0.2444],[0.6496,0.2684],[0.6424,0.2684],[0.634,0.2756],[0.634,0.2816],[0.6316,0.2816],[0.6304,0.2792],[0.6244,0.2876],[0.6196,0.29],[0.6208,0.2936],[0.6184,0.2948],[0.6184,0.2996],[0.6208,0.3032],[0.6196,0.3044],[0.6184,0.302],[0.6172,0.3044],[0.616,0.3044]]]}},{"type":"Feature","properties":{"biome_class":"lowland_steppe"},"geometry":{"type":"Polygon","coordinates":[[[0.1012,-0.7204],[0.0988,-0.7252],[0.0952,-0.7228],[0.0916,-0.7264],[0.0892,-0.7264],[0.0844,-0.7216],[0.0772,-0.724],[0.0772,-0.7276],[0.0796,-0.73],[0.0796,-0.7372],[0.0868,-0.7444],[0.0868,-0.7468],[0.0832,-0.7504],[0.0676,-0.7552],[0.0676,-0.7636],[0.064,-0.7672],[0.0712,-0.7708],[0.0712,-0.7756],[0.0736,-0.7792],[0.0808,-0.7816],[0.0772,-0.7768],[0.0772,-0.772],[0.0796,-0.7696],[0.0784,-0.766],[0.088,-0.7612],[0.0916,-0.7564],[0.0916,-0.7516],[0.094,-0.748],[0.1036,-0.7504],[0.1084,-0.7552],[0.1072,-0.76],[0.112,-0.7636],[0.1132,-0.7684],[0.1156,-0.766],[0.1192,-0.766],[0.1228,-0.7696],[0.1264,-0.7696],[0.1288,-0.7672],[0.1252,-0.7636],[0.1204,-0.7624],[0.1168,-0.7576],[0.1096,-0.7576],[0.1072,-0.7528],[0.1096,-0.7456],[0.1072,-0.7384],[0.1108,-0.736],[0.1156,-0.736],[0.1216,-0.7288],[0.1144,-0.7252],[0.1084,-0.7252],[0.106,-0.7204],[0.1036,-0.7228],[0.1012,-0.7204]]]}},{"type":"Feature","properties":{"biome_class":"lowland_steppe"},"geometry":{"type":"Polygon","coordinates":[[[-0.5324,-0.5632],[-0.5348,-0.5656],[-0.5444,-0.5644],[-0.5468,-0.5692],[-0.5528,-0.5728],[-0.5576,-0.568],[-0.56,-0.5704],[-0.5624,-0.5668],[-0.5624,-0.5716],[-0.5696,-0.5776],[-0.5768,-0.5752],[-0.5828,-0.5776],[-0.5864,-0.574],[-0.5852,-0.5728],[-0.59,-0.5728],[-0.5948,-0.5764],[-0.59,-0.5752],[-0.5816,-0.5848],[-0.5816,-0.5824],[-0.584,-0.5812],[-0.578,-0.5788],[-0.5768,-0.5764],[-0.572,-0.5788],[-0.5636,-0.5788],[-0.5612,-0.5752],[-0.5564,-0.5728],[-0.5504,-0.574],[-0.542,-0.5692],[-0.5348,-0.5716],[-0.5288,-0.5704],[-0.5264,-0.574],[-0.5264,-0.58],[-0.5288,-0.5824],[-0.5372,-0.5836],[-0.5396,-0.5908],[-0.5348,-0.5896],[-0.5288,-0.5956],[-0.5288,-0.6088],[-0.5228,-0.604],[-0.5144,-0.6088],[-0.5156,-0.6136],[-0.512,-0.616],[-0.512,-0.6184],[-0.5168,-0.6232],[-0.5168,-0.628],[-0.5132,-0.6304],[-0.5132,-0.6352],[-0.5192,-0.6424],[-0.5096,-0.64],[-0.4988,-0.646],[-0.488,-0.6472],[-0.4844,-0.652],[-0.4796,-0.6436],[-0.4688,-0.6448],[-0.464,-0.6472],[-0.4568,-0.6448],[-0.4544,-0.6364],[-0.4592,-0.64],[-0.4712,-0.64],[-0.4772,-0.6376],[-0.4808,-0.6388],[-0.488,-0.634],[-0.5012,-0.634],[-0.5048,-0.6316],[-0.5108,-0.6076],[-0.5168,-0.604],[-0.524,-0.5956],[-0.5264,-0.5956],[-0.5288,-0.5896],[-0.5228,-0.5836],[-0.5264,-0.5692],[-0.5192,-0.5644],[-0.53,-0.5632],[-0.5324,-0.5632]]]}},{"type":"Feature","properties":{"biome_class":"lowland_steppe"},"geometry":{"type":"Polygon","coordinates":[[[-0.4184,-0.6796],[-0.4244,-0.6868],[-0.4244,-0.6904],[-0.4292,-0.6952],[-0.4352,-0.694],[-0.4376,-0.6976],[-0.4484,-0.7048],[-0.4544,-0.7072],[-0.4592,-0.706],[-0.464,-0.7108],[-0.458,-0.712],[-0.4544,-0.7072],[-0.4484,-0.7072],[-0.446,-0.7036],[-0.4436,-0.7048],[-0.44,-0.7024],[-0.4376,-0.7036],[-0.4376,-0.706],[-0.4244,-0.7096],[-0.422,-0.712],[-0.4244,-0.7192],[-0.4196,-0.7228],[-0.4184,-0.7264],[-0.4208,-0.7288],[-0.4196,-0.7348],[-0.4184,-0.7324],[-0.4064,-0.7288],[-0.4052,-0.7252],[-0.4016,-0.7252],[-0.392,-0.718],[-0.3908,-0.7144],[-0.3776,-0.7096],[-0.3836,-0.712],[-0.3944,-0.7096],[-0.3908,-0.7048],[-0.392,-0.6904],[-0.3896,-0.6868],[-0.392,-0.6892],[-0.3932,-0.6964],[-0.3992,-0.7012],[-0.3992,-0.7036],[-0.404,-0.7084],[-0.4052,-0.7156],[-0.4088,-0.7156],[-0.416,-0.7072],[-0.4124,-0.6868],[-0.41,-0.682],[-0.4124,-0.6832],[-0.4172,-0.6796],[-0.4184,-0.6796]]]}},{"type":"Feature","properties":{"biome_class":"lowland_steppe"},"geometry":{"type":"Polygon","coordinates":[[[-0.5624,-0.3724],[-0.5708,-0.3748],[-0.572,-0.3796],[-0.5744,-0.3808],[-0.572,-0.3892],[-0.5732,-0.3904],[-0.5708,-0.3928],[-0.572,-0.3964],[-0.5648,-0.406],[-0.5648,-0.4144],[-0.5624,-0.4168],[-0.5636,-0.4288],[-0.566,-0.4336],[-0.5696,-0.436],[-0.566,-0.4408],[-0.5588,-0.4336],[-0.5552,-0.4324],[-0.5504,-0.4252],[-0.5432,-0.4228],[-0.5408,-0.4228],[-0.536,-0.4288],[-0.5372,-0.43],[-0.5324,-0.4336],[-0.5432,-0.418],[-0.5384,-0.4132],[-0.536,-0.4036],[-0.5324,-0.3988],[-0.5324,-0.3952],[-0.5384,-0.388],[-0.5384,-0.3856],[-0.5324,-0.3808],[-0.524,-0.3832],[-0.5336,-0.3784],[-0.5372,-0.3736],[-0.536,-0.3724],[-0.5408,-0.382],[-0.5396,-0.3916],[-0.5372,-0.3952],[-0.5384,-0.412],[-0.5408,-0.4144],[-0.5504,-0.4132],[-0.5564,-0.4096],[-0.5576,-0.3952],[-0.5624,-0.3796],[-0.56,-0.3724],[-0.5624,-0.3724]]]}},{"type":"Feature","properties":{"biome_class":"lowland_steppe"},"geometry":{"type":"Polygon","coordinates":[[[-0.2564,0.7124],[-0.2648,0.71],[-0.2696,0.7052],[-0.2756,0.7052],[-0.2804,0.6992],[-0.2864,0.6968],[-0.2948,0.6884],[-0.296,0.6824],[-0.302,0.6752],[-0.308,0.6632],[-0.32,0.6536],[-0.3224,0.6572],[-0.3212,0.6536],[-0.3176,0.65],[-0.3116,0.6488],[-0.302,0.6536],[-0.2912,0.656],[-0.2852,0.6644],[-0.2828,0.6704],[-0.2828,0.6776],[-0.2744,0.6932],[-0.2744,0.7028],[-0.2696,0.704],[-0.2636,0.71],[-0.2576,0.7112],[-0.2564,0.7124]]]}},{"type":"Feature","properties":{"biome_class":"woodland_shrubland"},"geometry":{"type":"Polygon","coordinates":[[[-0.368,-0.1516],[-0.368,-0.16],[-0.3728,-0.166],[-0.3812,-0.1684],[-0.3872,-0.1744],[-0.3908,-0.1744],[-0.3944,-0.1804],[-0.4028,-0.1852],[-0.4148,-0.1876],[-0.416,-0.196],[-0.4112,-0.1996],[-0.4088,-0.1984],[-0.4052,-0.2044],[-0.398,-0.2068],[-0.3968,-0.2092],[-0.3908,-0.208],[-0.3956,-0.1984],[-0.3932,-0.196],[-0.3896,-0.1972],[-0.3872,-0.1936],[-0.3752,-0.196],[-0.374,-0.1984],[-0.3692,-0.1996],[-0.3656,-0.2044],[-0.3656,-0.1984],[-0.3572,-0.1984],[-0.356,-0.1972],[-0.3632,-0.1972],[-0.3668,-0.1948],[-0.3704,-0.1888],[-0.3812,-0.1888],[-0.3848,-0.1828],[-0.3776,-0.172],[-0.3692,-0.1696],[-0.3668,-0.1732],[-0.3632,-0.1684],[-0.3644,-0.1588],[-0.3668,-0.1588],[-0.368,-0.1564],[-0.3644,-0.154],[-0.3608,-0.1552],[-0.3668,-0.1528],[-0.368,-0.1516]]]}},{"type":"Feature","properties":{"biome_class":"permanent_snow"},"geometry":{"type":"Polygon","coordinates":[[[0.2776,-0.2476],[0.2728,-0.2512],[0.2704,-0.25],[0.2632,-0.2572],[0.262,-0.2608],[0.2656,-0.2716],[0.2632,-0.2764],[0.2632,-0.2824],[0.2608,-0.2848],[0.2632,-0.2944],[0.2728,-0.2968],[0.2776,-0.3016],[0.2764,-0.292],[0.2884,-0.2836],[0.2884,-0.2788],[0.2812,-0.2788],[0.2764,-0.274],[0.2824,-0.2632],[0.2812,-0.2584],[0.2896,-0.25],[0.2932,-0.2488],[0.2908,-0.2476],[0.286,-0.2512],[0.2788,-0.2488],[0.2776,-0.2476]]]}},{"type":"Feature","properties":{"biome_class":"lowland_steppe"},"geometry":{"type":"Polygon","coordinates":[[[-0.3644,-0.7168],[-0.3668,-0.7252],[-0.3716,-0.73],[-0.3728,-0.736],[-0.3728,-0.742],[-0.3692,-0.7444],[-0.3692,-0.7468],[-0.3656,-0.748],[-0.3596,-0.7444],[-0.3536,-0.7456],[-0.35,-0.7528],[-0.3488,-0.7516],[-0.3416,-0.7552],[-0.3416,-0.7588],[-0.338,-0.7576],[-0.3332,-0.7504],[-0.3236,-0.7492],[-0.3212,-0.7516],[-0.3212,-0.7552],[-0.3164,-0.76],[-0.3164,-0.7636],[-0.3104,-0.7696],[-0.3104,-0.778],[-0.308,-0.778],[-0.3068,-0.7756],[-0.3056,-0.7768],[-0.302,-0.772],[-0.2984,-0.7732],[-0.302,-0.7684],[-0.3056,-0.7684],[-0.308,-0.7648],[-0.302,-0.7636],[-0.2996,-0.766],[-0.3008,-0.7588],[-0.2936,-0.7516],[-0.2996,-0.7552],[-0.3092,-0.7564],[-0.3104,-0.7528],[-0.3152,-0.7492],[-0.3344,-0.748],[-0.344,-0.7504],[-0.35,-0.7432],[-0.356,-0.742],[-0.356,-0.7372],[-0.3584,-0.7348],[-0.3584,-0.73],[-0.362,-0.7252],[-0.3632,-0.718],[-0.3644,-0.7168]]]}},{"type":"Feature","properties":{"biome_class":"lowland_steppe"},"geometry":{"type":"Polygon","coordinates":[[[-0.4328,-0.3376],[-0.4352,-0.3412],[-0.4412,-0.3424],[-0.4496,-0.3496],[-0.4544,-0.3436],[-0.4616,-0.3448],[-0.4628,-0.3436],[-0.4604,-0.3412],[-0.4844,-0.346],[-0.4832,-0.3484],[-0.488,-0.3508],[-0.4844,-0.3544],[-0.4844,-0.3616],[-0.482,-0.364],[-0.476,-0.364],[-0.4784,-0.3604],[-0.4772,-0.3556],[-0.47,-0.3484],[-0.4616,-0.3532],[-0.4556,-0.352],[-0.452,-0.358],[-0.4544,-0.37],[-0.4436,-0.3724],[-0.44,-0.3676],[-0.44,-0.3616],[-0.4424,-0.3592],[-0.4412,-0.3448],[-0.4376,-0.3412],[-0.434,-0.3412],[-0.4328,-0.3388],[-0.4328,-0.3376]],[[-0.4772,-0.346],[-0.4736,-0.3472],[-0.476,-0.3496],[-0.4796,-0.3484],[-0.4772,-0.346]]]}},{"type":"Feature","properties":{"biome_class":"woodland_shrubland"},"geometry":{"type":"Polygon","coordinates":[[[0.3904,0.758],[0.3736,0.7436],[0.3676,0.734],[0.364,0.7364],[0.364,0.7268],[0.3712,0.722],[0.3808,0.722],[0.382,0.7244],[0.3904,0.7244],[0.3952,0.7268],[0.394,0.728],[0.3892,0.7268],[0.3844,0.7304],[0.3844,0.7376],[0.3892,0.7424],[0.3916,0.7496],[0.3952,0.7532],[0.394,0.7544],[0.3904,0.758]]]}},{"type":"Feature","properties":{"biome_class":"woodland_shrubland"},"geometry":{"type":"Polygon","coordinates":[[[-0.1496,0.5636],[-0.1544,0.5576],[-0.1688,0.5504],[-0.1688,0.5396],[-0.1772,0.524],[-0.1676,0.5288],[-0.1628,0.536],[-0.1556,0.5408],[-0.1508,0.5408],[-0.1412,0.53],[-0.1364,0.53],[-0.1304,0.5264],[-0.1424,0.5396],[-0.1496,0.5516],[-0.1496,0.5636]]]}},{"type":"Feature","properties":{"biome_class":"lowland_steppe"},"geometry":{"type":"Polygon","coordinates":[[[-0.5432,-0.4552],[-0.5456,-0.4564],[-0.5456,-0.4612],[-0.5492,-0.4648],[-0.554,-0.4636],[-0.5564,-0.466],[-0.56,-0.4768],[-0.5588,-0.4804],[-0.5636,-0.4852],[-0.5756,-0.4828],[-0.5768,-0.4924],[-0.5828,-0.4972],[-0.5756,-0.4996],[-0.5696,-0.4948],[-0.5636,-0.4948],[-0.5588,-0.4984],[-0.5528,-0.484],[-0.5552,-0.4804],[-0.5516,-0.4768],[-0.5444,-0.4744],[-0.542,-0.4744],[-0.5348,-0.4828],[-0.5348,-0.49],[-0.53,-0.4936],[-0.5252,-0.4936],[-0.53,-0.4912],[-0.5336,-0.4864],[-0.5348,-0.4804],[-0.5408,-0.4732],[-0.5516,-0.4684],[-0.542,-0.4588],[-0.5372,-0.4576],[-0.542,-0.4552],[-0.5432,-0.4552]]]}},{"type":"Feature","properties":{"biome_class":"lowland_steppe"},"geometry":{"type":"Polygon","coordinates":[[[-0.5528,-0.1504],[-0.5576,-0.1612],[-0.5624,-0.1648],[-0.5624,-0.1708],[-0.5684,-0.1732],[-0.5624,-0.1768],[-0.5624,-0.1936],[-0.5672,-0.2008],[-0.5636,-0.208],[-0.5636,-0.202],[-0.5588,-0.1972],[-0.554,-0.196],[-0.5528,-0.1996],[-0.5516,-0.196],[-0.5468,-0.2008],[-0.5444,-0.196],[-0.5456,-0.1864],[-0.5492,-0.1804],[-0.548,-0.178],[-0.5504,-0.184],[-0.5564,-0.1804],[-0.5576,-0.1744],[-0.5576,-0.1624],[-0.5528,-0.1516],[-0.5528,-0.1504]]]}},{"type":"Feature","properties":{"biome_class":"lowland_steppe"},"geometry":{"type":"Polygon","coordinates":[[[0.34,0.6968],[0.3376,0.6932],[0.3328,0.6956],[0.3256,0.6932],[0.3292,0.6896],[0.3256,0.6776],[0.3292,0.6752],[0.3352,0.6752],[0.3352,0.6656],[0.3412,0.662],[0.3412,0.6548],[0.3448,0.6524],[0.3424,0.6476],[0.3436,0.6452],[0.3424,0.6464],[0.346,0.6488],[0.346,0.656],[0.3424,0.6572],[0.3436,0.6668],[0.34,0.6692],[0.3388,0.6776],[0.3436,0.6812],[0.3436,0.6848],[0.3484,0.6944],[0.3436,0.6932],[0.3412,0.6968],[0.34,0.6968]]]}},{"type":"Feature","properties":{"biome_class":"lowland_steppe"},"geometry":{"type":"Polygon","coordinates":[[[-0.1448,-0.6088],[-0.146,-0.6112],[-0.1508,-0.61],[-0.1508,-0.6136],[-0.1484,-0.6136],[-0.146,-0.6184],[-0.1424,-0.6196],[-0.1436,-0.6256],[-0.14,-0.622],[-0.1376,-0.622],[-0.1268,-0.6268],[-0.1316,-0.634],[-0.1316,-0.64],[-0.1304,-0.6484],[-0.1244,-0.652],[-0.1244,-0.6556],[-0.1208,-0.6508],[-0.1256,-0.6484],[-0.122,-0.646],[-0.1244,-0.6436],[-0.122,-0.6424],[-0.1244,-0.6412],[-0.1244,-0.6352],[-0.1196,-0.6316],[-0.1196,-0.6244],[-0.1244,-0.6196],[-0.1292,-0.6196],[-0.134,-0.6136],[-0.1424,-0.6136],[-0.1436,-0.61],[-0.1448,-0.6088]]]}},{"type":"Feature","properties":{"biome_class":"lowland_steppe"},"geometry":{"type":"Polygon","coordinates":[[[-0.4616,-0.2956],[-0.4628,-0.2992],[-0.4676,-0.2992],[-0.47,-0.3028],[-0.4772,-0.304],[-0.4832,-0.3088],[-0.4868,-0.3052],[-0.4868,-0.3004],[-0.4904,-0.3016],[-0.4904,-0.3088],[-0.4928,-0.3112],[-0.4964,-0.3112],[-0.494,-0.316],[-0.4964,-0.3232],[-0.4928,-0.3256],[-0.494,-0.3268],[-0.4904,-0.3268],[-0.4892,-0.3292],[-0.4844,-0.3268],[-0.4772,-0.328],[-0.4712,-0.322],[-0.4616,-0.3244],[-0.4544,-0.3208],[-0.4604,-0.3232],[-0.4712,-0.322],[-0.4784,-0.3268],[-0.4832,-0.3208],[-0.4808,-0.3112],[-0.4748,-0.3088],[-0.4664,-0.3004],[-0.4592,-0.2992],[-0.4616,-0.2968],[-0.4616,-0.2956]]]}},{"type":"Feature","properties":{"biome_class":"lowland_steppe"},"geometry":{"type":"Polygon","coordinates":[[[-0.3644,-0.2992],[-0.3728,-0.3064],[-0.3776,-0.304],[-0.374,-0.3076],[-0.3824,-0.3136],[-0.386,-0.3124],[-0.3944,-0.316],[-0.404,-0.3136],[-0.4148,-0.3136],[-0.4052,-0.3148],[-0.3968,-0.328],[-0.3992,-0.3232],[-0.392,-0.3184],[-0.3848,-0.322],[-0.3764,-0.3112],[-0.3716,-0.3148],[-0.3716,-0.3124],[-0.3656,-0.3088],[-0.3608,-0.3112],[-0.3608,-0.2992],[-0.3644,-0.2992]]]}},{"type":"Feature","properties":{"biome_class":"woodland_shrubland"},"geometry":{"type":"Polygon","coordinates":[[[-0.1292,0.4868],[-0.1472,0.4736],[-0.1484,0.4604],[-0.1424,0.4616],[-0.1376,0.4652],[-0.1316,0.4628],[-0.1304,0.4604],[-0.1304,0.4676],[-0.1328,0.47],[-0.1304,0.4724],[-0.1304,0.4856],[-0.1292,0.4868]]]}},{"type":"Feature","properties":{"biome_class":"lowland_steppe"},"geometry":{"type":"Polygon","coordinates":[[[-0.3872,-0.2824],[-0.3956,-0.2884],[-0.4016,-0.2884],[-0.404,-0.2908],[-0.41,-0.2896],[-0.4124,-0.2956],[-0.4196,-0.2992],[-0.41,-0.2992],[-0.4028,-0.2956],[-0.3932,-0.2956],[-0.3836,-0.2932],[-0.3812,-0.2908],[-0.3788,-0.292],[-0.3788,-0.2956],[-0.3764,-0.2884],[-0.3824,-0.2872],[-0.386,-0.2836],[-0.3872,-0.2824]]]}},{"type":"Feature","properties":{"biome_class":"woodland_shrubland"},"geometry":{"type":"Polygon","coordinates":[[[0.2044,-0.6772],[0.1996,-0.6832],[0.1996,-0.688],[0.2032,-0.6952],[0.2068,-0.6976],[0.2152,-0.6976],[0.2152,-0.6892],[0.2248,-0.6808],[0.2188,-0.6784],[0.214,-0.682],[0.2092,-0.682],[0.2056,-0.6772],[0.2044,-0.6772]]]}},{"type":"Feature","properties":{"biome_class":"lowland_steppe"},"geometry":{"type":"Polygon","coordinates":[[[0.0676,-0.688],[0.0592,-0.694],[0.0508,-0.6916],[0.0496,-0.6892],[0.046,-0.6892],[0.0484,-0.6928],[0.0568,-0.6928],[0.0616,-0.6976],[0.0616,-0.7012],[0.0592,-0.7084],[0.0532,-0.7144],[0.0532,-0.718],[0.0448,-0.7216],[0.046,-0.724],[0.0376,-0.7324],[0.0388,-0.7372],[0.0436,-0.7324],[0.0484,-0.7216],[0.0544,-0.7192],[0.0556,-0.7132],[0.0604,-0.7096],[0.0628,-0.7024],[0.0676,-0.7036],[0.0688,-0.6988],[0.0796,-0.7024],[0.082,-0.7],[0.088,-0.7],[0.0916,-0.6952],[0.0856,-0.6988],[0.0772,-0.6964],[0.0748,-0.6976],[0.0688,-0.688],[0.0676,-0.688]]]}},{"type":"Feature","properties":{"biome_class":"lowland_steppe"},"geometry":{"type":"Polygon","coordinates":[[[-0.0404,-0.7288],[-0.0404,-0.7324],[-0.0476,-0.736],[-0.0452,-0.7348],[-0.0392,-0.7384],[-0.0308,-0.7468],[-0.032,-0.7516],[-0.0284,-0.7528],[-0.0308,-0.7552],[-0.0284,-0.7636],[-0.0344,-0.7648],[-0.038,-0.7624],[-0.0368,-0.7648],[-0.0332,-0.7648],[-0.0308,-0.7672],[-0.032,-0.7696],[-0.0284,-0.772],[-0.026,-0.7708],[-0.0284,-0.7696],[-0.026,-0.766],[-0.026,-0.7612],[-0.0224,-0.7576],[-0.0116,-0.76],[-0.0128,-0.7516],[-0.0212,-0.7528],[-0.0236,-0.748],[-0.0284,-0.7468],[-0.0356,-0.7408],[-0.0368,-0.736],[-0.0404,-0.7336],[-0.0392,-0.73],[-0.0404,-0.7288]]]}},{"type":"Feature","properties":{"biome_class":"lowland_steppe"},"geometry":{"type":"Polygon","coordinates":[[[0.304,-0.7156],[0.3004,-0.7264],[0.2932,-0.7312],[0.2944,-0.7348],[0.292,-0.7396],[0.2968,-0.7384],[0.2968,-0.7336],[0.3004,-0.7312],[0.3016,-0.7348],[0.2992,-0.7372],[0.3004,-0.736],[0.3016,-0.7384],[0.3052,-0.7384],[0.3112,-0.7348],[0.316,-0.7372],[0.3172,-0.736],[0.3172,-0.7252],[0.316,-0.724],[0.3124,-0.7288],[0.3064,-0.7264],[0.304,-0.724],[0.31,-0.7192],[0.3064,-0.7156],[0.3052,-0.7168],[0.304,-0.7156]]]}},{"type":"Feature","properties":{"biome_class":"permanent_snow"},"geometry":{"type":"Polygon","coordinates":[[[0.2788,-0.304],[0.28,-0.3064],[0.2752,-0.3148],[0.2824,-0.3148],[0.286,-0.3172],[0.2932,-0.3124],[0.3112,-0.3088],[0.3004,-0.304],[0.2812,-0.304],[0.2788,-0.304]]]}},{"type":"Feature","properties":{"biome_class":"lowland_steppe"},"geometry":{"type":"Polygon","coordinates":[[[0.538,0.7808],[0.5344,0.776],[0.5368,0.7688],[0.5332,0.7664],[0.5296,0.758],[0.5296,0.7532],[0.5236,0.7532],[0.5224,0.7484],[0.5152,0.7424],[0.5164,0.7412],[0.5224,0.7412],[0.5272,0.7484],[0.5308,0.7484],[0.5344,0.758],[0.5368,0.7592],[0.5356,0.7616],[0.5416,0.7652],[0.5392,0.77],[0.5464,0.7748],[0.5464,0.7772],[0.5392,0.7808],[0.538,0.7808]]]}},{"type":"Feature","properties":{"biome_class":"subalpine_dry_scrub"},"geometry":{"type":"Polygon","coordinates":[[[-0.128,0.524],[-0.122,0.512],[-0.122,0.5024],[-0.128,0.4892],[-0.116,0.5],[-0.1124,0.5132],[-0.1136,0.5192],[-0.116,0.5216],[-0.1268,0.5228],[-0.128,0.524]]]}},{"type":"Feature","properties":{"biome_class":"lowland_steppe"},"geometry":{"type":"Polygon","coordinates":[[[0.2548,-0.7204],[0.256,-0.7252],[0.2536,-0.7288],[0.2572,-0.7264],[0.262,-0.7276],[0.2608,-0.73],[0.2632,-0.7324],[0.262,-0.736],[0.2656,-0.742],[0.2644,-0.7444],[0.2668,-0.7432],[0.2716,-0.7468],[0.2752,-0.754],[0.28,-0.754],[0.2788,-0.7444],[0.2848,-0.742],[0.2836,-0.7372],[0.2776,-0.7432],[0.2692,-0.7408],[0.2692,-0.736],[0.2644,-0.73],[0.2644,-0.7228],[0.262,-0.7204],[0.2548,-0.7204]]]}},{"type":"Feature","properties":{"biome_class":"lowland_steppe"},"geometry":{"type":"Polygon","coordinates":[[[-0.0548,-0.7612],[-0.056,-0.7636],[-0.05,-0.7684],[-0.0488,-0.778],[-0.0464,-0.778],[-0.044,-0.7876],[-0.0404,-0.7924],[-0.0356,-0.7876],[-0.038,-0.7864],[-0.0368,-0.778],[-0.0428,-0.7696],[-0.0416,-0.7672],[-0.0476,-0.766],[-0.0536,-0.7612],[-0.0548,-0.7612]]]}},{"type":"Feature","properties":{"biome_class":"subalpine_woodland"},"geometry":{"type":"Polygon","coordinates":[[[-0.1076,0.3356],[-0.1124,0.3272],[-0.1148,0.314],[-0.1076,0.3092],[-0.0992,0.3092],[-0.0956,0.3068],[-0.0872,0.3056],[-0.098,0.3116],[-0.104,0.3176],[-0.1076,0.3284],[-0.1076,0.3356]]]}},{"type":"Feature","properties":{"biome_class":"lowland_steppe"},"geometry":{"type":"Polygon","coordinates":[[[0.5044,0.7424],[0.5032,0.734],[0.508,0.728],[0.5092,0.7232],[0.5068,0.722],[0.4984,0.7244],[0.496,0.7208],[0.4924,0.7196],[0.4924,0.7172],[0.4948,0.716],[0.4984,0.7208],[0.5068,0.7184],[0.5104,0.7208],[0.5152,0.7184],[0.5212,0.7208],[0.526,0.716],[0.5272,0.7184],[0.5248,0.7184],[0.5236,0.7208],[0.5152,0.7208],[0.5128,0.7232],[0.5152,0.7292],[0.5116,0.7316],[0.5104,0.7412],[0.5056,0.7412],[0.5044,0.7424]]]}},{"type":"Feature","properties":{"biome_class":"subalpine_dry_scrub"},"geometry":{"type":"Polygon","coordinates":[[[-0.1664,0.6056],[-0.1676,0.6044],[-0.1616,0.5996],[-0.1556,0.5876],[-0.1472,0.5768],[-0.1484,0.566],[-0.1424,0.572],[-0.1304,0.5732],[-0.122,0.5816],[-0.1304,0.5804],[-0.1388,0.5744],[-0.1424,0.5756],[-0.1484,0.584],[-0.1556,0.5876],[-0.1604,0.602],[-0.1652,0.6056],[-0.1664,0.6056]]]}},{"type":"Feature","properties":{"biome_class":"lowland_steppe"},"geometry":{"type":"Polygon","coordinates":[[[-0.5384,-0.526],[-0.5408,-0.5284],[-0.5288,-0.5416],[-0.53,-0.5476],[-0.5216,-0.5512],[-0.5168,-0.5596],[-0.5192,-0.5536],[-0.518,-0.5488],[-0.53,-0.5344],[-0.5264,-0.5284],[-0.5192,-0.5272],[-0.5348,-0.5284],[-0.5372,-0.526],[-0.5384,-0.526]]]}},{"type":"Feature","properties":{"biome_class":"temperate_forest"},"geometry":{"type":"Polygon","coordinates":[[[0.37,-0.3052],[0.37,-0.3352],[0.3796,-0.3424],[0.3676,-0.3496],[0.364,-0.3556],[0.376,-0.346],[0.3808,-0.3448],[0.3784,-0.3352],[0.3748,-0.3304],[0.3748,-0.3172],[0.37,-0.3088],[0.37,-0.3052]]]}},{"type":"Feature","properties":{"biome_class":"lowland_steppe"},"geometry":{"type":"Polygon","coordinates":[[[0.046,-0.7792],[0.046,-0.784],[0.0508,-0.784],[0.0544,-0.79],[0.058,-0.7888],[0.0652,-0.7996],[0.0676,-0.7996],[0.07,-0.7948],[0.0784,-0.7948],[0.0736,-0.7936],[0.07,-0.79],[0.0568,-0.7864],[0.0508,-0.7816],[0.0508,-0.7792],[0.046,-0.7792]]]}},{"type":"Feature","properties":{"biome_class":"lowland_steppe"},"geometry":{"type":"Polygon","coordinates":[[[0.5368,0.4196],[0.532,0.4124],[0.5416,0.3992],[0.5464,0.3968],[0.544,0.4112],[0.538,0.4184],[0.5368,0.4196]]]}},{"type":"Feature","properties":{"biome_class":"lowland_steppe"},"geometry":{"type":"Polygon","coordinates":[[[-0.0044,0.5108],[-0.0116,0.5096],[-0.0164,0.5036],[-0.0164,0.4988],[-0.0116,0.4988],[-0.0092,0.4964],[-0.0056,0.4856],[-0.0032,0.4856],[-0.002,0.4892],[0.0028,0.4904],[-0.008,0.4928],[-0.0092,0.4976],[-0.0044,0.5048],[-0.002,0.5048],[-0.0032,0.5096],[-0.0044,0.5108]]]}},{"type":"Feature","properties":{"biome_class":"woodland_shrubland"},"geometry":{"type":"Polygon","coordinates":[[[-0.5612,0.416],[-0.5552,0.4112],[-0.5588,0.4076],[-0.5612,0.4088],[-0.5588,0.4004],[-0.554,0.4004],[-0.554,0.3968],[-0.5516,0.3968],[-0.548,0.4004],[-0.5492,0.4088],[-0.5528,0.4136],[-0.56,0.416],[-0.5612,0.416]]]}},{"type":"Feature","properties":{"biome_class":"lowland_steppe"},"geometry":{"type":"Polygon","coordinates":[[[0.4672,0.7076],[0.4636,0.7004],[0.454,0.7016],[0.4528,0.6956],[0.4636,0.6968],[0.4708,0.6896],[0.472,0.692],[0.4684,0.6944],[0.4684,0.698],[0.4732,0.7064],[0.472,0.7076],[0.4696,0.704],[0.4684,0.7064],[0.4672,0.7076]]]}},{"type":"Feature","properties":{"biome_class":"lowland_steppe"},"geometry":{"type":"Polygon","coordinates":[[[0.574,0.6872],[0.5752,0.6776],[0.5728,0.6752],[0.5692,0.6776],[0.5644,0.6776],[0.5596,0.6704],[0.5608,0.668],[0.574,0.668],[0.574,0.6752],[0.5764,0.6776],[0.574,0.6848],[0.5752,0.686],[0.574,0.6872]]]}},{"type":"Feature","properties":{"biome_class":"lowland_steppe"},"geometry":{"type":"Polygon","coordinates":[[[-0.6284,-0.3268],[-0.626,-0.3292],[-0.6272,-0.3304],[-0.6236,-0.3328],[-0.6236,-0.3388],[-0.6284,-0.3424],[-0.6236,-0.3448],[-0.6212,-0.3436],[-0.6176,-0.3316],[-0.614,-0.3292],[-0.6164,-0.328],[-0.6176,-0.3304],[-0.6212,-0.3304],[-0.626,-0.3268],[-0.6284,-0.3268]]]}},{"type":"Feature","properties":{"biome_class":"woodland_shrubland"},"geometry":{"type":"Polygon","coordinates":[[[-0.5984,-0.0412],[-0.6116,-0.0448],[-0.6116,-0.0472],[-0.6152,-0.0508],[-0.6212,-0.0484],[-0.626,-0.0508],[-0.6212,-0.0496],[-0.6188,-0.0532],[-0.6116,-0.0568],[-0.6128,-0.058],[-0.6104,-0.0604],[-0.6092,-0.0472],[-0.5972,-0.0412],[-0.5984,-0.0412]]]}},{"type":"Feature","properties":{"biome_class":"lowland_steppe"},"geometry":{"type":"Polygon","coordinates":[[[-0.2144,0.7664],[-0.2168,0.764],[-0.2156,0.7628],[-0.2192,0.7616],[-0.2252,0.7544],[-0.2252,0.7508],[-0.23,0.7436],[-0.224,0.7496],[-0.2216,0.7472],[-0.218,0.7532],[-0.2192,0.7556],[-0.2108,0.7664],[-0.2132,0.7652],[-0.2144,0.7664]]]}},{"type":"Feature","properties":{"biome_class":"subalpine_wet_forest"},"geometry":{"type":"Polygon","coordinates":[[[-0.0764,-0.0976],[-0.0824,-0.1048],[-0.0884,-0.1072],[-0.0848,-0.1132],[-0.086,-0.1156],[-0.0776,-0.1096],[-0.0764,-0.1],[-0.0764,-0.0976]]]}},{"type":"Feature","properties":{"biome_class":"lowland_steppe"},"geometry":{"type":"Polygon","coordinates":[[[-0.038,-0.4924],[-0.0392,-0.4972],[-0.0368,-0.4972],[-0.0332,-0.5008],[-0.0332,-0.5104],[-0.026,-0.5128],[-0.026,-0.5044],[-0.0284,-0.5056],[-0.0296,-0.502],[-0.032,-0.502],[-0.0368,-0.4924],[-0.038,-0.4924]]]}},{"type":"Feature","properties":{"biome_class":"lowland_steppe"},"geometry":{"type":"Polygon","coordinates":[[[0.4828,0.7208],[0.4792,0.7184],[0.4768,0.7112],[0.478,0.7088],[0.4756,0.7076],[0.4804,0.7112],[0.4852,0.7112],[0.4876,0.7148],[0.4852,0.7208],[0.4828,0.7208]]]}},{"type":"Feature","properties":{"biome_class":"lowland_steppe"},"geometry":{"type":"Polygon","coordinates":[[[0.0952,-0.67],[0.0976,-0.6712],[0.0988,-0.676],[0.0976,-0.6808],[0.1012,-0.6796],[0.1048,-0.682],[0.1108,-0.676],[0.1036,-0.676],[0.0964,-0.67],[0.0952,-0.67]]]}},{"type":"Feature","properties":{"biome_class":"woodland_shrubland"},"geometry":{"type":"Polygon","coordinates":[[[-0.1568,-0.1876],[-0.164,-0.1936],[-0.1604,-0.1984],[-0.1568,-0.1996],[-0.1604,-0.2068],[-0.152,-0.1972],[-0.1604,-0.1936],[-0.1604,-0.1912],[-0.1556,-0.1876],[-0.1568,-0.1876]]]}},{"type":"Feature","properties":{"biome_class":"lowland_steppe"},"geometry":{"type":"Polygon","coordinates":[[[-0.5912,-0.3628],[-0.5888,-0.3676],[-0.59,-0.3748],[-0.5924,-0.3772],[-0.5984,-0.3772],[-0.5912,-0.3832],[-0.5864,-0.3796],[-0.59,-0.376],[-0.5876,-0.364],[-0.59,-0.364],[-0.5912,-0.3628]]]}},{"type":"Feature","properties":{"biome_class":"woodland_shrubland"},"geometry":{"type":"Polygon","coordinates":[[[-0.2036,-0.1708],[-0.2036,-0.1816],[-0.2,-0.1816],[-0.1988,-0.184],[-0.1964,-0.1792],[-0.2036,-0.172],[-0.2036,-0.1708]]]}},{"type":"Feature","properties":{"biome_class":"lowland_steppe"},"geometry":{"type":"Polygon","coordinates":[[[0.5536,0.7544],[0.5524,0.7496],[0.556,0.7496],[0.5584,0.7472],[0.5572,0.746],[0.5608,0.7376],[0.5632,0.746],[0.5596,0.7472],[0.5548,0.752],[0.5548,0.7544],[0.5536,0.7544]]]}},{"type":"Feature","properties":{"biome_class":"lowland_steppe"},"geometry":{"type":"Polygon","coordinates":[[[-0.2864,0.8],[-0.2948,0.7916],[-0.2972,0.7916],[-0.2972,0.7892],[-0.2936,0.7892],[-0.29,0.794],[-0.284,0.7964],[-0.2828,0.8],[-0.2864,0.8]]]}},{"type":"Feature","properties":{"biome_class":"woodland_shrubland"},"geometry":{"type":"Polygon","coordinates":[[[-0.2264,-0.0256],[-0.2312,-0.0316],[-0.2312,-0.0364],[-0.2252,-0.0316],[-0.224,-0.0256],[-0.2264,-0.0256]]]}},{"type":"Feature","properties":{"biome_class":"lowland_steppe"},"geometry":{"type":"Polygon","coordinates":[[[-0.4304,-0.6328],[-0.4244,-0.6448],[-0.4196,-0.6448],[-0.4184,-0.6472],[-0.4004,-0.6544],[-0.4232,-0.6424],[-0.4256,-0.6364],[-0.428,-0.6352],[-0.4304,-0.6328]]]}},{"type":"Feature","properties":{"biome_class":"lowland_steppe"},"geometry":{"type":"Polygon","coordinates":[[[-0.1604,-0.7924],[-0.1652,-0.7948],[-0.164,-0.7972],[-0.1508,-0.7948],[-0.1508,-0.7924],[-0.1592,-0.7924],[-0.1604,-0.7924]]]}},{"type":"Feature","properties":{"biome_class":"lowland_steppe"},"geometry":{"type":"Polygon","coordinates":[[[-0.14,-0.58],[-0.1448,-0.5836],[-0.1532,-0.5836],[-0.1544,-0.586],[-0.1448,-0.5872],[-0.146,-0.586],[-0.1424,-0.5824],[-0.14,-0.5836],[-0.1364,-0.5812],[-0.1376,-0.5824],[-0.14,-0.58]]]}},{"type":"Feature","properties":{"biome_class":"lowland_steppe"},"geometry":{"type":"Polygon","coordinates":[[[0.184,0.59],[0.1816,0.5876],[0.1756,0.5888],[0.1852,0.5804],[0.1876,0.5804],[0.184,0.5864],[0.184,0.59]]]}},{"type":"Feature","properties":{"biome_class":"subalpine_dry_scrub"},"geometry":{"type":"Polygon","coordinates":[[[-0.1184,0.4748],[-0.1292,0.4712],[-0.1292,0.4688],[-0.1232,0.4688],[-0.122,0.4724],[-0.1172,0.4724],[-0.1136,0.4748],[-0.1184,0.4748]]]}},{"type":"Feature","properties":{"biome_class":"subalpine_woodland"},"geometry":{"type":"Polygon","coordinates":[[[0.3496,-0.358],[0.352,-0.3652],[0.3568,-0.3688],[0.3592,-0.3604],[0.3544,-0.3628],[0.3508,-0.3592],[0.3496,-0.358]]]}},{"type":"Feature","properties":{"biome_class":"lowland_steppe"},"geometry":{"type":"Polygon","coordinates":[[[-0.4304,-0.7516],[-0.4292,-0.7564],[-0.4232,-0.7624],[-0.4172,-0.7648],[-0.416,-0.7564],[-0.4172,-0.76],[-0.4208,-0.7612],[-0.4268,-0.7576],[-0.4268,-0.7516],[-0.4292,-0.7528],[-0.4304,-0.7516]]]}},{"type":"Feature","properties":{"biome_class":"lowland_steppe"},"geometry":{"type":"Polygon","coordinates":[[[0.0532,0.5288],[0.0484,0.5276],[0.0484,0.5252],[0.0496,0.5216],[0.0532,0.5216],[0.0556,0.5192],[0.0532,0.5228],[0.0544,0.5288],[0.0532,0.5288]]]}},{"type":"Feature","properties":{"biome_class":"woodland_shrubland"},"geometry":{"type":"Polygon","coordinates":[[[-0.4532,-0.1396],[-0.458,-0.142],[-0.4508,-0.1468],[-0.4496,-0.1432],[-0.452,-0.1396],[-0.4532,-0.1396]]]}},{"type":"Feature","properties":{"biome_class":"lowland_steppe"},"geometry":{"type":"Polygon","coordinates":[[[-0.2084,0.7808],[-0.212,0.7772],[-0.2084,0.7724],[-0.2072,0.7748],[-0.206,0.7724],[-0.2048,0.7736],[-0.2072,0.7784],[-0.2048,0.7784],[-0.2072,0.7808],[-0.2084,0.7808]]]}},{"type":"Feature","properties":{"biome_class":"woodland_shrubland"},"geometry":{"type":"Polygon","coordinates":[[[0.5704,0.4472],[0.5608,0.4412],[0.5608,0.4388],[0.5728,0.4448],[0.5728,0.4472],[0.5704,0.4472]]]}},{"type":"Feature","properties":{"biome_class":"woodland_shrubland"},"geometry":{"type":"Polygon","coordinates":[[[-0.4544,-0.172],[-0.4532,-0.1744],[-0.4556,-0.1756],[-0.4532,-0.1792],[-0.4508,-0.1792],[-0.4472,-0.1756],[-0.4496,-0.1756],[-0.4532,-0.172],[-0.4544,-0.172]]]}},{"type":"Feature","properties":{"biome_class":"lowland_steppe"},"geometry":{"type":"Polygon","coordinates":[[[-0.1616,-0.556],[-0.1736,-0.5644],[-0.1676,-0.5644],[-0.1604,-0.556],[-0.1616,-0.556]]]}},{"type":"Feature","properties":{"biome_class":"lowland_steppe"},"geometry":{"type":"Polygon","coordinates":[[[0.5128,0.7124],[0.5056,0.7052],[0.5104,0.7076],[0.5152,0.7052],[0.5152,0.7124],[0.5128,0.7124]]]}},{"type":"Feature","properties":{"biome_class":"lowland_steppe"},"geometry":{"type":"Polygon","coordinates":[[[0.3448,0.6212],[0.3436,0.6152],[0.3508,0.6176],[0.3496,0.6212],[0.346,0.6212],[0.3448,0.6212]]]}},{"type":"Feature","properties":{"biome_class":"lowland_steppe"},"geometry":{"type":"Polygon","coordinates":[[[-0.4256,-0.7324],[-0.4316,-0.7384],[-0.4304,-0.742],[-0.4256,-0.742],[-0.428,-0.7384],[-0.4256,-0.7372],[-0.4244,-0.7324],[-0.4256,-0.7324]]]}},{"type":"Feature","properties":{"biome_class":"lowland_steppe"},"geometry":{"type":"Polygon","coordinates":[[[0.1072,-0.5992],[0.106,-0.604],[0.1096,-0.6052],[0.1144,-0.6112],[0.1156,-0.61],[0.112,-0.6088],[0.1132,-0.6028],[0.112,-0.604],[0.1072,-0.6004],[0.1072,-0.5992]]]}},{"type":"Feature","properties":{"biome_class":"subalpine_woodland"},"geometry":{"type":"Polygon","coordinates":[[[-0.1196,0.3704],[-0.1172,0.3644],[-0.1196,0.3548],[-0.1148,0.3512],[-0.1136,0.3524],[-0.1172,0.3584],[-0.1172,0.3644],[-0.1196,0.3692],[-0.1196,0.3704]]]}},{"type":"Feature","properties":{"biome_class":"lowland_steppe"},"geometry":{"type":"Polygon","coordinates":[[[-0.1016,0.764],[-0.1052,0.7616],[-0.1112,0.7616],[-0.1088,0.7568],[-0.1136,0.7568],[-0.1124,0.7544],[-0.1064,0.7568],[-0.1076,0.7592],[-0.1016,0.7616],[-0.1004,0.764],[-0.1016,0.764]]]}},{"type":"Feature","properties":{"biome_class":"lowland_steppe"},"geometry":{"type":"Polygon","coordinates":[[[0.5092,0.77],[0.5092,0.7676],[0.5128,0.7652],[0.5116,0.764],[0.5128,0.7652],[0.514,0.7616],[0.5164,0.7616],[0.52,0.758],[0.5152,0.7628],[0.5164,0.7652],[0.5104,0.77],[0.5092,0.77]]]}},{"type":"Feature","properties":{"biome_class":"woodland_shrubland"},"geometry":{"type":"Polygon","coordinates":[[[-0.6152,0.4136],[-0.614,0.4124],[-0.6212,0.404],[-0.6224,0.3992],[-0.6272,0.3968],[-0.6248,0.392],[-0.6236,0.3932],[-0.626,0.3944],[-0.6224,0.3992],[-0.6212,0.398],[-0.6212,0.4028],[-0.614,0.4112],[-0.6116,0.41],[-0.6152,0.4136]]]}},{"type":"Feature","properties":{"biome_class":"lowland_steppe"},"geometry":{"type":"Polygon","coordinates":[[[-0.4436,-0.3196],[-0.4376,-0.3232],[-0.4376,-0.328],[-0.4424,-0.3328],[-0.434,-0.3244],[-0.4364,-0.3208],[-0.44,-0.3196],[-0.4436,-0.3196]]]}},{"type":"Feature","properties":{"biome_class":"woodland_shrubland"},"geometry":{"type":"Polygon","coordinates":[[[-0.0728,-0.3172],[-0.0728,-0.3196],[-0.0764,-0.3232],[-0.074,-0.3256],[-0.0752,-0.3316],[-0.0716,-0.3352],[-0.0752,-0.3304],[-0.074,-0.3244],[-0.0692,-0.3208],[-0.0716,-0.3172],[-0.0728,-0.3172]]]}},{"type":"Feature","properties":{"biome_class":"woodland_shrubland"},"geometry":{"type":"Polygon","coordinates":[[[0.1084,-0.5968],[0.1084,-0.6004],[0.112,-0.6028],[0.112,-0.5968],[0.1084,-0.5968]]]}},{"type":"Feature","properties":{"biome_class":"woodland_shrubland"},"geometry":{"type":"Polygon","coordinates":[[[-0.1712,-0.13],[-0.1724,-0.1312],[-0.1688,-0.1324],[-0.176,-0.1384],[-0.1712,-0.1384],[-0.1652,-0.1336],[-0.1676,-0.1348],[-0.1676,-0.1312],[-0.1688,-0.1324],[-0.1712,-0.13]]]}},{"type":"Feature","properties":{"biome_class":"lowland_steppe"},"geometry":{"type":"Polygon","coordinates":[[[-0.1868,-0.5464],[-0.1868,-0.5488],[-0.1832,-0.5524],[-0.1808,-0.5524],[-0.1796,-0.55],[-0.1808,-0.5512],[-0.1844,-0.5464],[-0.1868,-0.5464]]]}},{"type":"Feature","properties":{"biome_class":"woodland_shrubland"},"geometry":{"type":"Polygon","coordinates":[[[0.5776,0.4604],[0.5728,0.4532],[0.5812,0.4532],[0.5836,0.4556],[0.5812,0.4568],[0.5824,0.4556],[0.5788,0.4532],[0.5764,0.4568],[0.5776,0.4592],[0.5776,0.4604]]]}},{"type":"Feature","properties":{"biome_class":"lowland_steppe"},"geometry":{"type":"Polygon","coordinates":[[[-0.1124,-0.5776],[-0.1076,-0.592],[-0.1076,-0.586],[-0.1112,-0.58],[-0.11,-0.5776],[-0.1124,-0.5776]]]}},{"type":"Feature","properties":{"biome_class":"lowland_steppe"},"geometry":{"type":"Polygon","coordinates":[[[-0.002,0.482],[0.0052,0.4736],[0.0076,0.4736],[0.0028,0.4796],[-0.0008,0.4808],[-0.002,0.482]]]}},{"type":"Feature","properties":{"biome_class":"lowland_steppe"},"geometry":{"type":"Polygon","coordinates":[[[0.0208,0.5024],[0.0196,0.5012],[0.0316,0.4988],[0.0316,0.5012],[0.022,0.5024],[0.0208,0.5024]]]}},{"type":"Feature","properties":{"biome_class":"lowland_steppe"},"geometry":{"type":"Polygon","coordinates":[[[0.2128,0.644],[0.2092,0.6428],[0.2116,0.6392],[0.2164,0.644],[0.2128,0.644]]]}},{"type":"Feature","properties":{"biome_class":"lowland_steppe"},"geometry":{"type":"Polygon","coordinates":[[[-0.1604,-0.5308],[-0.164,-0.5356],[-0.1652,-0.5332],[-0.1664,-0.5344],[-0.1664,-0.538],[-0.1628,-0.5368],[-0.1628,-0.5344],[-0.1592,-0.532],[-0.1604,-0.5308]]]}},{"type":"Feature","properties":{"biome_class":"lowland_steppe"},"geometry":{"type":"Polygon","coordinates":[[[-0.1916,0.788],[-0.194,0.7868],[-0.188,0.7856],[-0.1856,0.788],[-0.1916,0.788]]]}},{"type":"Feature","properties":{"biome_class":"lowland_steppe"},"geometry":{"type":"Polygon","coordinates":[[[-0.1652,-0.5404],[-0.1712,-0.5488],[-0.1616,-0.5404],[-0.1652,-0.5404]]]}},{"type":"Feature","properties":{"biome_class":"subalpine_wet_forest"},"geometry":{"type":"Polygon","coordinates":[[[0.1096,-0.3376],[0.106,-0.34],[0.1144,-0.34],[0.1132,-0.3376],[0.1108,-0.3388],[0.1096,-0.3376]]]}},{"type":"Feature","properties":{"biome_class":"lowland_steppe"},"geometry":{"type":"Polygon","coordinates":[[[-0.4328,-0.3988],[-0.4364,-0.4],[-0.428,-0.4012],[-0.4184,-0.4096],[-0.4292,-0.3988],[-0.4328,-0.3988]]]}}]}