{"type":"FeatureCollection","features":[{"type":"Feature","properties":{},"geometry":{"type":"LineString","coordinates":[[0.07195,-0.12745],[0.07195,-0.12715]]}},{"type":"Feature","properties":{},"geometry":{"type":"LineString","coordinates":[[0.07195,-0.12745],[0.07225,-0.12745]]}},{"type":"Feature","properties":{},"geometry":{"type":"LineString","coordinates":[[0.07195,-0.12745],[0.06835,-0.12865],[0.06775,-0.12805],[0.06535,-0.12925],[0.06175,-0.13285],[0.06205,-0.13435],[0.06055,-0.13705],[0.06145,-0.13795],[0.04285,-0.15685]]}},{"type":"Feature","properties":{},"geometry":{"type":"LineString","coordinates":[[-0.06455,0.47465],[-0.06485,0.47495]]}},{"type":"Feature","properties":{},"geometry":{"type":"LineString","coordinates":[[-0.06455,0.47465],[-0.06455,0.47495]]}},{"type":"Feature","properties":{},"geometry":{"type":"LineString","coordinates":[[-0.06455,0.47465],[-0.06425,0.47495]]}},{"type":"Feature","properties":{},"geometry":{"type":"LineString","coordinates":[[-0.06455,0.47465],[-0.06485,0.47435]]}},{"type":"Feature","properties":{},"geometry":{"type":"LineString","coordinates":[[-0.41645,-0.04495],[-0.41585,-0.04555],[-0.41345,-0.04525],[-0.40955,-0.04645],[-0.40775,-0.04465],[-0.40775,-0.04315],[-0.40595,-0.04135],[-0.40625,-0.04075],[-0.40325,-0.03835],[-0.40175,-0.03625],[-0.40205,-0.03565],[-0.40085,-0.03505],[-0.40055,-0.03355],[-0.39725,-0.02935],[-0.39635,-0.02635]]}},{"type":"Feature","properties":{},"geometry":{"type":"LineString","coordinates":[[-0.39845,-0.00745],[-0.39785,-0.00805],[-0.39365,-0.00685],[-0.39245,-0.00775],[-0.39065,-0.00745]]}},{"type":"Feature","properties":{},"geometry":{"type":"LineString","coordinates":[[-0.28295,0.32075],[-0.28265,0.32105]]}},{"type":"Feature","properties":{},"geometry":{"type":"LineString","coordinates":[[-0.28295,0.32075],[-0.28265,0.32075]]}},{"type":"Feature","properties":{},"geometry":{"type":"LineString","coordinates":[[-0.28295,0.32075],[-0.28385,0.31925],[-0.28295,0.31775],[-0.28415,0.31655]]}},{"type":"Feature","properties":{},"geometry":{"type":"LineString","coordinates":[[0.04255,-0.15715],[0.03955,-0.15355],[0.03835,-0.15085],[0.04015,-0.14545],[0.03505,-0.14095],[0.03835,-0.13675],[0.04105,-0.13495],[0.04135,-0.13255],[0.04225,-0.13165],[0.04105,-0.12985],[0.04315,-0.12535],[0.04255,-0.12475],[0.04315,-0.12235],[0.04225,-0.12145],[0.04285,-0.11905],[0.04135,-0.11785],[0.04105,-0.11545],[0.04015,-0.11455],[0.04015,-0.11215],[0.04135,-0.10975],[0.03895,-0.10645]]}},{"type":"Feature","properties":{},"geometry":{"type":"LineString","coordinates":[[0.04255,-0.15715],[0.04285,-0.15685]]}},{"type":"Feature","properties":{},"geometry":{"type":"LineString","coordinates":[[0.04255,-0.15715],[0.04225,-0.15745]]}},{"type":"Feature","properties":{},"geometry":{"type":"LineString","coordinates":[[0.04255,-0.15715],[0.04255,-0.15745]]}},{"type":"Feature","properties":{},"geometry":{"type":"LineString","coordinates":[[0.04255,-0.15715],[0.04285,-0.15745]]}},{"type":"Feature","properties":{},"geometry":{"type":"LineString","coordinates":[[0.40045,-0.31645],[0.39985,-0.31555],[0.40015,-0.31435],[0.39805,-0.31225],[0.39925,-0.31075],[0.39865,-0.30985],[0.40075,-0.30775],[0.40015,-0.30655],[0.40015,-0.30415],[0.40105,-0.30295],[0.40015,-0.30175],[0.40075,-0.30025],[0.40015,-0.29785],[0.39895,-0.29665],[0.39985,-0.29575],[0.39865,-0.29455],[0.39955,-0.29365],[0.39715,-0.29095],[0.39745,-0.29035],[0.39565,-0.28825],[0.39565,-0.28735],[0.39235,-0.28375],[0.39205,-0.28105],[0.39325,-0.27895],[0.39205,-0.27715],[0.39265,-0.27655],[0.38785,-0.27265],[0.38665,-0.27295],[0.38455,-0.27175],[0.38035,-0.26815],[0.37855,-0.26965],[0.36955,-0.26425],[0.36415,-0.26365],[0.35665,-0.25675],[0.35245,-0.25645],[0.35155,-0.25555],[0.34885,-0.25585]]}},{"type":"Feature","properties":{},"geometry":{"type":"LineString","coordinates":[[0.40045,-0.31645],[0.40015,-0.31675]]}},{"type":"Feature","properties":{},"geometry":{"type":"LineString","coordinates":[[0.40045,-0.31645],[0.40045,-0.31675]]}},{"type":"Feature","properties":{},"geometry":{"type":"LineString","coordinates":[[0.22045,-0.06625],[0.22045,-0.06595]]}},{"type":"Feature","properties":{},"geometry":{"type":"LineString","coordinates":[[0.22045,-0.06625],[0.22015,-0.06625]]}},{"type":"Feature","properties":{},"geometry":{"type":"LineString","coordinates":[[0.22045,-0.06625],[0.22135,-0.06715],[0.22015,-0.07045],[0.22585,-0.07615],[0.23005,-0.07855],[0.23125,-0.08065],[0.23365,-0.08275],[0.23545,-0.08305],[0.23695,-0.08245],[0.24175,-0.08455],[0.24595,-0.08485],[0.24685,-0.08425],[0.25045,-0.08545],[0.25225,-0.08515],[0.25375,-0.08605],[0.25555,-0.08515],[0.25855,-0.08665],[0.26155,-0.08455],[0.26365,-0.08425],[0.26725,-0.08215],[0.26905,-0.08245],[0.27115,-0.08035],[0.27235,-0.08035],[0.27505,-0.07825],[0.27655,-0.07855],[0.27985,-0.07705]]}},{"type":"Feature","properties":{},"geometry":{"type":"LineString","coordinates":[[0.34135,0.15905],[0.34135,0.15935]]}},{"type":"Feature","properties":{},"geometry":{"type":"LineString","coordinates":[[0.34135,0.15905],[0.34105,0.15905]]}},{"type":"Feature","properties":{},"geometry":{"type":"LineString","coordinates":[[0.34135,0.15905],[0.34375,0.15695],[0.34585,0.15335],[0.34465,0.15215],[0.34495,0.15095],[0.35125,0.14495],[0.35575,0.13925],[0.35455,0.13655],[0.35605,0.13505],[0.35545,0.13445],[0.35605,0.13235]]}},{"type":"Feature","properties":{},"geometry":{"type":"LineString","coordinates":[[-0.50045,0.32165],[-0.49775,0.32405],[-0.49715,0.32375],[-0.49445,0.32675],[-0.48965,0.32555],[-0.48275,0.33185]]}},{"type":"Feature","properties":{},"geometry":{"type":"LineString","coordinates":[[0.19645,-0.17845],[0.19615,-0.17845]]}},{"type":"Feature","properties":{},"geometry":{"type":"LineString","coordinates":[[0.19645,-0.17845],[0.20095,-0.17815],[0.20185,-0.17635]]}},{"type":"Feature","properties":{},"geometry":{"type":"LineString","coordinates":[[0.19645,-0.17845],[0.19615,-0.17875]]}},{"type":"Feature","properties":{},"geometry":{"type":"LineString","coordinates":[[0.18445,-0.36235],[0.18415,-0.36235]]}},{"type":"Feature","properties":{},"geometry":{"type":"LineString","coordinates":[[0.18445,-0.36235],[0.18475,-0.36235]]}},{"type":"Feature","properties":{},"geometry":{"type":"LineString","coordinates":[[0.18445,-0.36235],[0.18445,-0.36265]]}},{"type":"Feature","properties":{},"geometry":{"type":"LineString","coordinates":[[-0.15035,0.11495],[-0.15305,0.11285],[-0.15785,0.10595],[-0.15725,0.10355],[-0.15845,0.10055],[-0.16025,0.09875],[-0.16385,0.09065],[-0.16595,0.08825],[-0.16505,0.08735],[-0.16625,0.08555],[-0.16565,0.08495],[-0.16865,0.08135],[-0.16895,0.07955],[-0.16745,0.07805],[-0.16685,0.07565],[-0.17225,0.07175],[-0.17375,0.07235],[-0.17585,0.07115],[-0.18335,0.07835],[-0.18425,0.07685],[-0.18485,0.07265],[-0.18755,0.06875],[-0.18725,0.06755],[-0.18785,0.06695],[-0.18695,0.06605],[-0.18665,0.06335]]}},{"type":"Feature","properties":{},"geometry":{"type":"LineString","coordinates":[[-0.48515,-0.43015],[-0.48485,-0.43255],[-0.47975,-0.43645],[-0.47975,-0.43735],[-0.47645,-0.44185]]}},{"type":"Feature","properties":{},"geometry":{"type":"LineString","coordinates":[[-0.03575,-0.11785],[-0.03575,-0.11755]]}},{"type":"Feature","properties":{},"geometry":{"type":"LineString","coordinates":[[-0.03575,-0.11785],[-0.03605,-0.11785]]}},{"type":"Feature","properties":{},"geometry":{"type":"LineString","coordinates":[[-0.03575,-0.11785],[-0.03575,-0.11815]]}},{"type":"Feature","properties":{},"geometry":{"type":"LineString","coordinates":[[0.10915,-0.10555],[0.10885,-0.10465]]}},{"type":"Feature","properties":{},"geometry":{"type":"LineString","coordinates":[[0.10915,-0.10555],[0.11005,-0.10495],[0.11215,-0.10525],[0.11455,-0.10735],[0.11605,-0.10735],[0.11815,-0.10915],[0.11935,-0.10825],[0.12055,-0.10945],[0.12175,-0.10855]]}},{"type":"Feature","properties":{},"geometry":{"type":"LineString","coordinates":[[0.10915,-0.10555],[0.10885,-0.11275]]}},{"type":"Feature","properties":{},"geometry":{"type":"LineString","coordinates":[[-0.25385,-0.67315],[-0.24905,-0.67405],[-0.24485,-0.67915],[-0.24125,-0.67825],[-0.23555,-0.68095],[-0.23165,-0.68185],[-0.22835,-0.68155],[-0.22475,-0.68365],[-0.22385,-0.68335],[-0.22175,-0.68515]]}},{"type":"Feature","properties":{},"geometry":{"type":"LineString","coordinates":[[0.36835,-0.48985],[0.37825,-0.47995],[0.37915,-0.47785],[0.37045,-0.46915],[0.36955,-0.46975],[0.36595,-0.46765],[0.36535,-0.46795],[0.36325,-0.46585],[0.36325,-0.46465],[0.36205,-0.46345],[0.36145,-0.46135],[0.36445,-0.45835],[0.36565,-0.45805],[0.36775,-0.45535],[0.36625,-0.45295],[0.36745,-0.44875],[0.36565,-0.44635]]}},{"type":"Feature","properties":{},"geometry":{"type":"LineString","coordinates":[[0.36835,-0.48985],[0.36805,-0.48985]]}},{"type":"Feature","properties":{},"geometry":{"type":"LineString","coordinates":[[0.36835,-0.48985],[0.36835,-0.49015]]}},{"type":"Feature","properties":{},"geometry":{"type":"LineString","coordinates":[[0.18025,-0.39205],[0.17965,-0.39205]]}},{"type":"Feature","properties":{},"geometry":{"type":"LineString","coordinates":[[0.18025,-0.39205],[0.18505,-0.38275],[0.18385,-0.38125],[0.18475,-0.38005],[0.18265,-0.37795],[0.19615,-0.36445]]}},{"type":"Feature","properties":{},"geometry":{"type":"LineString","coordinates":[[0.18025,-0.39205],[0.17995,-0.39235]]}},{"type":"Feature","properties":{},"geometry":{"type":"LineString","coordinates":[[0.19615,-0.36415],[0.19525,-0.36325],[0.19345,-0.36355],[0.19225,-0.36295],[0.19165,-0.36355],[0.18955,-0.36265],[0.18685,-0.36295],[0.18475,-0.36235]]}},{"type":"Feature","properties":{},"geometry":{"type":"LineString","coordinates":[[0.19615,-0.36415],[0.19615,-0.36445]]}},{"type":"Feature","properties":{},"geometry":{"type":"LineString","coordinates":[[0.19615,-0.36415],[0.19645,-0.36445]]}},{"type":"Feature","properties":{},"geometry":{"type":"LineString","coordinates":[[0.30205,0.22235],[0.30115,0.22295],[0.30145,0.22385],[0.29995,0.22595],[0.29965,0.22985],[0.29845,0.23045],[0.29845,0.23405],[0.29935,0.23525],[0.29785,0.23735],[0.29815,0.23825],[0.29665,0.23945],[0.29725,0.24005],[0.29665,0.24185],[0.29695,0.24455],[0.29605,0.24545],[0.29605,0.24665],[0.29755,0.24935],[0.29695,0.25055],[0.29845,0.25235],[0.29755,0.25415],[0.29815,0.25505],[0.29815,0.25835],[0.29515,0.26315],[0.29575,0.26465],[0.29455,0.26585]]}},{"type":"Feature","properties":{},"geometry":{"type":"LineString","coordinates":[[0.31195,0.01985],[0.31345,0.02165],[0.31525,0.02165],[0.31765,0.02285],[0.32005,0.02585],[0.32215,0.02645],[0.33355,0.03785],[0.33595,0.03815],[0.33745,0.03725],[0.34195,0.04115],[0.34405,0.04055],[0.34525,0.04145],[0.34645,0.04115],[0.34855,0.04265],[0.35335,0.04295],[0.35425,0.04235],[0.35485,0.04295],[0.35785,0.04205],[0.35965,0.04325],[0.36475,0.04325],[0.36835,0.04535],[0.37315,0.04655],[0.37465,0.04535],[0.37675,0.04595],[0.38545,0.03755],[0.38605,0.03785],[0.38845,0.03665],[0.39355,0.03635],[0.39565,0.03725],[0.39655,0.03665],[0.39865,0.03815],[0.40135,0.03725],[0.40345,0.03875],[0.40735,0.03905],[0.41125,0.04205],[0.41305,0.04205],[0.41605,0.04025],[0.41815,0.04025],[0.41935,0.04115],[0.42115,0.04025],[0.42505,0.04055],[0.42805,0.03905],[0.42895,0.03965],[0.43285,0.03935],[0.43405,0.03995],[0.44185,0.03395],[0.44305,0.03365],[0.44455,0.03485],[0.44545,0.03365],[0.45235,0.03995],[0.45025,0.04235],[0.45055,0.04355],[0.44965,0.04415],[0.44995,0.04655],[0.44875,0.04745],[0.44935,0.04835],[0.44875,0.05165],[0.45025,0.05345],[0.45235,0.05435],[0.45745,0.05975],[0.46135,0.06215],[0.46375,0.06125],[0.46615,0.06485],[0.46765,0.06545],[0.46855,0.06485],[0.47065,0.06695],[0.47335,0.06545],[0.47545,0.06635],[0.47905,0.06335],[0.47995,0.06365],[0.48415,0.06665],[0.49045,0.06935],[0.49345,0.07445],[0.49645,0.07715],[0.49585,0.07805],[0.49645,0.07865],[0.49765,0.07865],[0.50125,0.08075],[0.50305,0.07925]]}},{"type":"Feature","properties":{},"geometry":{"type":"LineString","coordinates":[[-0.31475,0.19085],[-0.31535,0.19025],[-0.31625,0.19115],[-0.31565,0.19355],[-0.32675,0.20465]]}},{"type":"Feature","properties":{},"geometry":{"type":"LineString","coordinates":[[0.20305,0.26195],[0.20185,0.26285],[0.19825,0.26135],[0.19645,0.26255],[0.19435,0.26045],[0.19225,0.26105],[0.18955,0.25655],[0.18535,0.25235],[0.18475,0.24995],[0.18235,0.24725],[0.18265,0.24485],[0.17905,0.24005],[0.17485,0.23645],[0.16945,0.23405],[0.16315,0.22835],[0.16165,0.22925],[0.15805,0.22655],[0.15685,0.22715],[0.15595,0.22625],[0.15355,0.22625],[0.15295,0.22685],[0.15025,0.22505],[0.14905,0.22535],[0.14755,0.22385],[0.14395,0.22325]]}},{"type":"Feature","properties":{},"geometry":{"type":"LineString","coordinates":[[0.20305,0.26195],[0.20905,0.27155]]}},{"type":"Feature","properties":{},"geometry":{"type":"LineString","coordinates":[[0.20305,0.26195],[0.20365,0.25865],[0.20275,0.25745],[0.20305,0.25505],[0.20215,0.25235],[0.20335,0.25115],[0.20335,0.24695],[0.20185,0.24245],[0.19855,0.24035],[0.19735,0.24125],[0.19405,0.23765],[0.19135,0.23255],[0.19075,0.23285],[0.18835,0.23135],[0.18505,0.23045],[0.18145,0.22745],[0.18025,0.22805],[0.17815,0.22625],[0.17425,0.22505]]}},{"type":"Feature","properties":{},"geometry":{"type":"LineString","coordinates":[[-0.27215,0.65105],[-0.27365,0.65045],[-0.27815,0.65195],[-0.28085,0.65135],[-0.28175,0.65255],[-0.28625,0.65495],[-0.28985,0.65555],[-0.29405,0.65765],[-0.30095,0.66515],[-0.30215,0.66575],[-0.30305,0.66485],[-0.30395,0.66575],[-0.30485,0.66515],[-0.30605,0.66605]]}},{"type":"Feature","properties":{},"geometry":{"type":"LineString","coordinates":[[-0.10415,0.31535],[-0.10445,0.31565]]}},{"type":"Feature","properties":{},"geometry":{"type":"LineString","coordinates":[[-0.10415,0.31535],[-0.10385,0.31565]]}},{"type":"Feature","properties":{},"geometry":{"type":"LineString","coordinates":[[-0.10415,0.31535],[-0.10445,0.31505]]}},{"type":"Feature","properties":{},"geometry":{"type":"LineString","coordinates":[[0.29335,-0.17485],[0.29095,-0.17305],[0.28975,-0.17275],[0.28915,-0.17335],[0.28345,-0.16825],[0.28105,-0.16915],[0.28015,-0.16825],[0.27955,-0.16885],[0.27805,-0.16825],[0.27625,-0.16885],[0.26785,-0.16495],[0.26575,-0.16225],[0.26455,-0.16255]]}},{"type":"Feature","properties":{},"geometry":{"type":"LineString","coordinates":[[0.29335,-0.17485],[0.29365,-0.17485]]}},{"type":"Feature","properties":{},"geometry":{"type":"LineString","coordinates":[[0.29335,-0.17485],[0.29365,-0.17515]]}},{"type":"Feature","properties":{},"geometry":{"type":"LineString","coordinates":[[0.10435,-0.27925],[0.10405,-0.27535]]}},{"type":"Feature","properties":{},"geometry":{"type":"LineString","coordinates":[[0.10435,-0.27925],[0.10435,-0.27985]]}},{"type":"Feature","properties":{},"geometry":{"type":"LineString","coordinates":[[0.10435,-0.27925],[0.10465,-0.27955]]}},{"type":"Feature","properties":{},"geometry":{"type":"LineString","coordinates":[[-0.06635,0.47285],[-0.06665,0.47315]]}},{"type":"Feature","properties":{},"geometry":{"type":"LineString","coordinates":[[-0.06635,0.47285],[-0.06605,0.47315]]}},{"type":"Feature","properties":{},"geometry":{"type":"LineString","coordinates":[[-0.06635,0.47285],[-0.06665,0.47255]]}},{"type":"Feature","properties":{},"geometry":{"type":"LineString","coordinates":[[0.38275,-0.42475],[0.38335,-0.42535],[0.38125,-0.42925],[0.38215,-0.43045],[0.38125,-0.43225],[0.38215,-0.43285],[0.38065,-0.43465],[0.38035,-0.43765],[0.37765,-0.44005],[0.37615,-0.43945],[0.37405,-0.44125],[0.37435,-0.44185],[0.37345,-0.44275],[0.37165,-0.44275],[0.36925,-0.44425],[0.36865,-0.44365],[0.36565,-0.44635]]}},{"type":"Feature","properties":{},"geometry":{"type":"LineString","coordinates":[[0.15985,-0.37825],[0.16135,-0.37885],[0.16375,-0.37645],[0.16495,-0.37675],[0.16555,-0.37615],[0.16915,-0.37705],[0.18445,-0.36265]]}},{"type":"Feature","properties":{},"geometry":{"type":"LineString","coordinates":[[-0.35135,-0.50815],[-0.35045,-0.51085],[-0.35105,-0.51145],[-0.35045,-0.51205],[-0.35045,-0.51595],[-0.35105,-0.51835],[-0.35285,-0.52015]]}},{"type":"Feature","properties":{},"geometry":{"type":"LineString","coordinates":[[0.34735,-0.50545],[0.34705,-0.50515]]}},{"type":"Feature","properties":{},"geometry":{"type":"LineString","coordinates":[[0.34735,-0.50545],[0.34765,-0.50515]]}},{"type":"Feature","properties":{},"geometry":{"type":"LineString","coordinates":[[0.34735,-0.50545],[0.31165,-0.54115],[0.31195,-0.54175],[0.30565,-0.54655],[0.30385,-0.54895]]}},{"type":"Feature","properties":{},"geometry":{"type":"LineString","coordinates":[[-0.46865,-0.50515],[-0.46715,-0.50485],[-0.46385,-0.50635],[-0.45935,-0.50665],[-0.45875,-0.50725],[-0.45785,-0.50665],[-0.45635,-0.50755],[-0.45455,-0.50725],[-0.45215,-0.50875],[-0.45125,-0.50845],[-0.44975,-0.50965],[-0.44795,-0.50995],[-0.44735,-0.50935],[-0.44135,-0.50935],[-0.43505,-0.50485],[-0.42815,-0.50215],[-0.42665,-0.49975],[-0.41795,-0.49255],[-0.41315,-0.49765],[-0.41195,-0.50065],[-0.41255,-0.50215],[-0.41165,-0.50335],[-0.41255,-0.50515],[-0.41165,-0.50605],[-0.41165,-0.50755]]}},{"type":"Feature","properties":{},"geometry":{"type":"LineString","coordinates":[[0.04255,-0.15745],[0.04225,-0.15745]]}},{"type":"Feature","properties":{},"geometry":{"type":"LineString","coordinates":[[0.04255,-0.15745],[0.04285,-0.15745]]}},{"type":"Feature","properties":{},"geometry":{"type":"LineString","coordinates":[[-0.14285,0.66755],[-0.14255,0.66785]]}},{"type":"Feature","properties":{},"geometry":{"type":"LineString","coordinates":[[-0.14285,0.66755],[-0.14315,0.66725]]}},{"type":"Feature","properties":{},"geometry":{"type":"LineString","coordinates":[[-0.14285,0.66755],[-0.14255,0.66725]]}},{"type":"Feature","properties":{},"geometry":{"type":"LineString","coordinates":[[0.30565,0.17795],[0.30475,0.17825],[0.30415,0.17765],[0.30175,0.17975],[0.30115,0.18125],[0.30175,0.18275],[0.30145,0.18515],[0.29995,0.18725],[0.28225,0.20495],[0.28075,0.20345]]}},{"type":"Feature","properties":{},"geometry":{"type":"LineString","coordinates":[[0.30565,0.17795],[0.30595,0.17795]]}},{"type":"Feature","properties":{},"geometry":{"type":"LineString","coordinates":[[0.30565,0.17795],[0.30595,0.17765]]}},{"type":"Feature","properties":{},"geometry":{"type":"LineString","coordinates":[[-0.18695,0.06335],[-0.18875,0.06515],[-0.18905,0.06665],[-0.19325,0.07085],[-0.19205,0.07205],[-0.19265,0.07415],[-0.18905,0.07745],[-0.19235,0.08045],[-0.19235,0.08165],[-0.19115,0.08315],[-0.19175,0.08525],[-0.19085,0.08645],[-0.19205,0.08825],[-0.19205,0.09005],[-0.19325,0.09125],[-0.19265,0.09185],[-0.19325,0.09395],[-0.19685,0.09725],[-0.19535,0.09875],[-0.19685,0.10025],[-0.19745,0.10205],[-0.20165,0.10595],[-0.20195,0.10805],[-0.20405,0.11045],[-0.20375,0.11135],[-0.20525,0.11315],[-0.20495,0.11465],[-0.20675,0.11675],[-0.20705,0.11795],[-0.20645,0.11855],[-0.20825,0.12125],[-0.20825,0.12275],[-0.20645,0.12515],[-0.20675,0.12695],[-0.21275,0.13385],[-0.21185,0.13475],[-0.21305,0.13715],[-0.21125,0.13895],[-0.21185,0.13955],[-0.21065,0.14135],[-0.21125,0.14225],[-0.21035,0.14315],[-0.21155,0.14435],[-0.21275,0.14885],[-0.21485,0.15095],[-0.21485,0.15395],[-0.21605,0.15695],[-0.22235,0.16295],[-0.22085,0.16445],[-0.21995,0.16685],[-0.22115,0.16895],[-0.21425,0.17555],[-0.21215,0.17945],[-0.21035,0.18125],[-0.21125,0.18305],[-0.20885,0.18545],[-0.20915,0.18635],[-0.20795,0.18755],[-0.20825,0.18815],[-0.20465,0.19085],[-0.20405,0.19205],[-0.18095,0.18245],[-0.17705,0.18245],[-0.17585,0.18155],[-0.17315,0.18185],[-0.16835,0.17885],[-0.16385,0.17885],[-0.16055,0.17735],[-0.15605,0.17765],[-0.15425,0.17855],[-0.14945,0.17645],[-0.14795,0.17705],[-0.14735,0.17615],[-0.14225,0.17405],[-0.14165,0.17435],[-0.13655,0.17165],[-0.13445,0.17315],[-0.13295,0.17315],[-0.13175,0.17435],[-0.12785,0.17405],[-0.12485,0.17675],[-0.12215,0.17675],[-0.11975,0.17855],[-0.11765,0.17735],[-0.11555,0.17765],[-0.11405,0.17675],[-0.11315,0.17735],[-0.10835,0.17615],[-0.10685,0.17765],[-0.10655,0.18035],[-0.09485,0.19325],[-0.09455,0.19505],[-0.09035,0.19745],[-0.08705,0.19655],[-0.08525,0.19685],[-0.08465,0.19625],[-0.07985,0.19715],[-0.07745,0.19565],[-0.07505,0.19655],[-0.07025,0.19595],[-0.06905,0.19715],[-0.06635,0.19775],[-0.06485,0.19745],[-0.05885,0.19265],[-0.05825,0.19325],[-0.05555,0.19145],[-0.05045,0.19115],[-0.04235,0.18545],[-0.04055,0.18545],[-0.03695,0.18275],[-0.03395,0.18245],[-0.03125,0.18005],[-0.03155,0.17915],[-0.03065,0.17705],[-0.02495,0.17045],[-0.01985,0.17015],[-0.01685,0.16685],[-0.01565,0.16685],[-0.01475,0.16595],[-0.01295,0.16625],[-0.01235,0.16565],[-0.01145,0.16655],[-0.00935,0.16655],[-0.00575,0.16835],[-0.00215,0.16805],[-0.00155,0.16745],[0.00145,0.16865],[0.00235,0.16835]]}},{"type":"Feature","properties":{},"geometry":{"type":"LineString","coordinates":[[-0.18695,0.06335],[-0.18665,0.06335]]}},{"type":"Feature","properties":{},"geometry":{"type":"LineString","coordinates":[[-0.18695,0.06335],[-0.18695,0.06305]]}},{"type":"Feature","properties":{},"geometry":{"type":"LineString","coordinates":[[0.21535,-0.14215],[0.22435,-0.15115],[0.22165,-0.15415],[0.21985,-0.15475],[0.20275,-0.17335],[0.20155,-0.17545],[0.20215,-0.17605]]}},{"type":"Feature","properties":{},"geometry":{"type":"LineString","coordinates":[[0.19825,-0.36565],[0.19795,-0.36535]]}},{"type":"Feature","properties":{},"geometry":{"type":"LineString","coordinates":[[0.19825,-0.36565],[0.19795,-0.36595]]}},{"type":"Feature","properties":{},"geometry":{"type":"LineString","coordinates":[[0.19825,-0.36565],[0.19855,-0.36595]]}},{"type":"Feature","properties":{},"geometry":{"type":"LineString","coordinates":[[0.27415,-0.45445],[0.27775,-0.45415],[0.27925,-0.45475],[0.28225,-0.45775],[0.28255,-0.45925],[0.28345,-0.45895],[0.28795,-0.46315],[0.28855,-0.46225],[0.29005,-0.46195],[0.29245,-0.46285],[0.29515,-0.46105],[0.29815,-0.46315],[0.30205,-0.46825],[0.30145,-0.47065],[0.30325,-0.47275],[0.30325,-0.47545],[0.30535,-0.47815],[0.30595,-0.48055],[0.30715,-0.48205],[0.30775,-0.48535],[0.30925,-0.48715],[0.30955,-0.49105],[0.31075,-0.49195],[0.31135,-0.49165],[0.31225,-0.49285],[0.31255,-0.49645],[0.31375,-0.49735],[0.31375,-0.49975],[0.31465,-0.50035]]}},{"type":"Feature","properties":{},"geometry":{"type":"LineString","coordinates":[[0.18445,-0.36265],[0.18415,-0.36235]]}},{"type":"Feature","properties":{},"geometry":{"type":"LineString","coordinates":[[0.18445,-0.36265],[0.18475,-0.36235]]}},{"type":"Feature","properties":{},"geometry":{"type":"LineString","coordinates":[[0.34825,-0.50455],[0.34765,-0.50455]]}},{"type":"Feature","properties":{},"geometry":{"type":"LineString","coordinates":[[0.34825,-0.50455],[0.35095,-0.50275],[0.35935,-0.49435],[0.36055,-0.49555],[0.36715,-0.48895],[0.36805,-0.48985]]}},{"type":"Feature","properties":{},"geometry":{"type":"LineString","coordinates":[[0.34825,-0.50455],[0.34795,-0.50485]]}},{"type":"Feature","properties":{},"geometry":{"type":"LineString","coordinates":[[-0.07835,0.10565],[-0.07895,0.10835],[-0.08165,0.11135],[-0.08105,0.11225],[-0.08435,0.11795],[-0.08405,0.11945],[-0.08525,0.12185],[-0.08465,0.12455],[-0.08555,0.12575],[-0.08615,0.12995],[-0.08735,0.13175],[-0.08795,0.13715]]}},{"type":"Feature","properties":{},"geometry":{"type":"LineString","coordinates":[[-0.07835,0.10565],[-0.09215,0.09125],[-0.09275,0.09155],[-0.10025,0.08405],[-0.09995,0.08195],[-0.09755,0.07865],[-0.09815,0.07805],[-0.09815,0.07085],[-0.10115,0.06575],[-0.10895,0.05825],[-0.10985,0.05825],[-0.11075,0.05495],[-0.10955,0.05375],[-0.10865,0.05015]]}},{"type":"Feature","properties":{},"geometry":{"type":"LineString","coordinates":[[-0.07835,0.10565],[-0.07775,0.10505],[-0.07655,0.10595]]}},{"type":"Feature","properties":{},"geometry":{"type":"LineString","coordinates":[[-0.27545,0.56975],[-0.27575,0.57005]]}},{"type":"Feature","properties":{},"geometry":{"type":"LineString","coordinates":[[-0.27545,0.56975],[-0.27545,0.57005]]}},{"type":"Feature","properties":{},"geometry":{"type":"LineString","coordinates":[[-0.27545,0.56975],[-0.27365,0.56795],[-0.27335,0.56345],[-0.27425,0.56255],[-0.27395,0.56045],[-0.27455,0.55925],[-0.27365,0.55745],[-0.27425,0.55655],[-0.27395,0.55295],[-0.27245,0.55145],[-0.27245,0.54815],[-0.27605,0.54365],[-0.27605,0.54275],[-0.27785,0.54065],[-0.27815,0.53795],[-0.28085,0.53555],[-0.28115,0.53435],[-0.28535,0.53105],[-0.28805,0.52745],[-0.29105,0.52655],[-0.29315,0.52505],[-0.30335,0.52625],[-0.30635,0.52445],[-0.31355,0.52325],[-0.31475,0.52235],[-0.31775,0.52295],[-0.32195,0.51935]]}},{"type":"Feature","properties":{},"geometry":{"type":"LineString","coordinates":[[0.30595,0.17315],[0.30535,0.17435],[0.30655,0.17615],[0.30565,0.17705],[0.30595,0.17765]]}},{"type":"Feature","properties":{},"geometry":{"type":"LineString","coordinates":[[-0.30815,0.40595],[-0.30755,0.40775],[-0.29165,0.42335],[-0.29075,0.42515],[-0.28985,0.42485],[-0.28925,0.42545],[-0.28775,0.42395],[-0.28055,0.43055],[-0.27875,0.43025],[-0.27755,0.43085],[-0.27575,0.43025],[-0.27335,0.43115],[-0.27005,0.43025],[-0.26795,0.43055],[-0.26615,0.43175],[-0.26495,0.43115],[-0.26375,0.43235],[-0.26015,0.43145]]}},{"type":"Feature","properties":{},"geometry":{"type":"LineString","coordinates":[[-0.30815,0.40595],[-0.30845,0.40565]]}},{"type":"Feature","properties":{},"geometry":{"type":"LineString","coordinates":[[-0.30815,0.40595],[-0.30785,0.40565]]}},{"type":"Feature","properties":{},"geometry":{"type":"LineString","coordinates":[[0.10375,-0.11845],[0.10345,-0.11815]]}},{"type":"Feature","properties":{},"geometry":{"type":"LineString","coordinates":[[0.10375,-0.11845],[0.10405,-0.11815]]}},{"type":"Feature","properties":{},"geometry":{"type":"LineString","coordinates":[[0.10375,-0.11845],[0.10345,-0.11875]]}},{"type":"Feature","properties":{},"geometry":{"type":"LineString","coordinates":[[0.47965,-0.01165],[0.48475,-0.01615],[0.48685,-0.01495],[0.49165,-0.02005],[0.49255,-0.01915],[0.49435,-0.01975],[0.49615,-0.01765],[0.49735,-0.01825],[0.49915,-0.01735],[0.50155,-0.01825],[0.50335,-0.01765],[0.50395,-0.01825],[0.50455,-0.01765],[0.50575,-0.01855],[0.50755,-0.01735],[0.50995,-0.01765],[0.51085,-0.01675],[0.51145,-0.01735],[0.51865,-0.01045],[0.52015,-0.01105]]}},{"type":"Feature","properties":{},"geometry":{"type":"LineString","coordinates":[[0.10285,0.02345],[0.10315,0.02375]]}},{"type":"Feature","properties":{},"geometry":{"type":"LineString","coordinates":[[0.10285,0.02345],[0.10315,0.02345]]}},{"type":"Feature","properties":{},"geometry":{"type":"LineString","coordinates":[[0.10285,0.02345],[0.10285,0.02315]]}},{"type":"Feature","properties":{},"geometry":{"type":"LineString","coordinates":[[-0.14195,0.66845],[-0.14165,0.66875]]}},{"type":"Feature","properties":{},"geometry":{"type":"LineString","coordinates":[[-0.14195,0.66845],[-0.14225,0.66815]]}},{"type":"Feature","properties":{},"geometry":{"type":"LineString","coordinates":[[-0.14195,0.66845],[-0.14165,0.66815]]}},{"type":"Feature","properties":{},"geometry":{"type":"LineString","coordinates":[[-0.34745,0.18395],[-0.32675,0.20465]]}},{"type":"Feature","properties":{},"geometry":{"type":"LineString","coordinates":[[-0.34745,0.18395],[-0.34775,0.18395]]}},{"type":"Feature","properties":{},"geometry":{"type":"LineString","coordinates":[[-0.34745,0.18395],[-0.34775,0.18365]]}},{"type":"Feature","properties":{},"geometry":{"type":"LineString","coordinates":[[-0.32825,-0.56185],[-0.32735,-0.56125],[-0.32555,-0.56215],[-0.32405,-0.56185],[-0.32195,-0.56335],[-0.31865,-0.56755],[-0.31775,-0.57055],[-0.31385,-0.56995],[-0.31295,-0.57085],[-0.31085,-0.56965],[-0.30995,-0.56995],[-0.30875,-0.56905],[-0.30575,-0.56875],[-0.29855,-0.56155]]}},{"type":"Feature","properties":{},"geometry":{"type":"LineString","coordinates":[[0.31885,-0.28195],[0.31855,-0.28135],[0.32095,-0.27685],[0.32065,-0.27565],[0.32545,-0.27025],[0.32965,-0.26845],[0.33325,-0.26845],[0.34075,-0.26185],[0.34585,-0.25825],[0.34675,-0.25825],[0.34885,-0.25585]]}},{"type":"Feature","properties":{},"geometry":{"type":"LineString","coordinates":[[0.36835,-0.49015],[0.36805,-0.48985]]}},{"type":"Feature","properties":{},"geometry":{"type":"LineString","coordinates":[[0.36835,-0.49015],[0.37615,-0.49855],[0.37645,-0.50005],[0.37465,-0.50185],[0.37585,-0.51235]]}},{"type":"Feature","properties":{},"geometry":{"type":"LineString","coordinates":[[0.10855,-0.11305],[0.10885,-0.11275]]}},{"type":"Feature","properties":{},"geometry":{"type":"LineString","coordinates":[[0.10855,-0.11305],[0.10825,-0.11335]]}},{"type":"Feature","properties":{},"geometry":{"type":"LineString","coordinates":[[0.10855,-0.11305],[0.10885,-0.11335]]}},{"type":"Feature","properties":{},"geometry":{"type":"LineString","coordinates":[[0.10465,-0.11755],[0.10435,-0.11725]]}},{"type":"Feature","properties":{},"geometry":{"type":"LineString","coordinates":[[0.10465,-0.11755],[0.10495,-0.11725]]}},{"type":"Feature","properties":{},"geometry":{"type":"LineString","coordinates":[[0.10465,-0.11755],[0.10435,-0.11785]]}},{"type":"Feature","properties":{},"geometry":{"type":"LineString","coordinates":[[0.15445,0.34265],[0.16075,0.34865],[0.16345,0.35435],[0.17005,0.35885],[0.17035,0.36095],[0.17485,0.36575],[0.17485,0.36725],[0.17905,0.37295],[0.17815,0.37415],[0.17935,0.37775],[0.17845,0.37895],[0.18745,0.38825],[0.18835,0.39005],[0.18925,0.39215],[0.18895,0.39335],[0.18985,0.39455],[0.18925,0.39695],[0.18985,0.39815],[0.18805,0.40145],[0.18835,0.40325],[0.18775,0.40385],[0.18835,0.40595],[0.18745,0.40745],[0.18955,0.40955],[0.18895,0.41045],[0.19105,0.41255],[0.19225,0.41645],[0.19225,0.41795],[0.19135,0.41915],[0.19255,0.42005],[0.19255,0.42155],[0.19525,0.42545],[0.19495,0.42605],[0.19675,0.42905],[0.20125,0.43355],[0.20335,0.43385],[0.20575,0.43565],[0.20755,0.43505],[0.21025,0.43655],[0.21145,0.43565],[0.21295,0.43625],[0.21355,0.43565],[0.21655,0.43715],[0.21715,0.43685],[0.22885,0.44435],[0.23065,0.44735],[0.23335,0.44765],[0.23425,0.44855],[0.23485,0.44795],[0.23845,0.44765],[0.24295,0.44885],[0.25105,0.45515],[0.25165,0.45755],[0.25375,0.45905],[0.25705,0.46325]]}},{"type":"Feature","properties":{},"geometry":{"type":"LineString","coordinates":[[0.15445,0.34265],[0.15415,0.34265]]}},{"type":"Feature","properties":{},"geometry":{"type":"LineString","coordinates":[[0.15445,0.34265],[0.15445,0.34235]]}},{"type":"Feature","properties":{},"geometry":{"type":"LineString","coordinates":[[-0.37685,0.03545],[-0.37625,0.03425],[-0.37535,0.03485],[-0.37055,0.03065],[-0.36905,0.02795],[-0.36905,0.02585],[-0.36575,0.02195]]}},{"type":"Feature","properties":{},"geometry":{"type":"LineString","coordinates":[[0.06685,0.01985],[0.06655,0.02015]]}},{"type":"Feature","properties":{},"geometry":{"type":"LineString","coordinates":[[0.06685,0.01985],[0.06685,0.02015]]}},{"type":"Feature","properties":{},"geometry":{"type":"LineString","coordinates":[[0.06685,0.01985],[0.06715,0.02015]]}},{"type":"Feature","properties":{},"geometry":{"type":"LineString","coordinates":[[0.06685,0.01985],[0.07795,0.00875],[0.08305,0.00695],[0.08485,0.00785],[0.08605,0.00755],[0.09175,0.01325],[0.09325,0.01415],[0.09385,0.01385],[0.10285,0.02315]]}},{"type":"Feature","properties":{},"geometry":{"type":"LineString","coordinates":[[-0.14105,0.66935],[-0.14075,0.66935]]}},{"type":"Feature","properties":{},"geometry":{"type":"LineString","coordinates":[[-0.14105,0.66935],[-0.14135,0.66905]]}},{"type":"Feature","properties":{},"geometry":{"type":"LineString","coordinates":[[-0.14105,0.66935],[-0.14075,0.66905]]}},{"type":"Feature","properties":{},"geometry":{"type":"LineString","coordinates":[[-0.40865,0.30005],[-0.40535,0.29465],[-0.40595,0.29405],[-0.40595,0.29255],[-0.40505,0.29135],[-0.40505,0.28925],[-0.40595,0.28805],[-0.40475,0.28685],[-0.40535,0.28565],[-0.40475,0.28475],[-0.40535,0.28415]]}},{"type":"Feature","properties":{},"geometry":{"type":"LineString","coordinates":[[0.17275,0.21815],[0.17095,0.21845],[0.16945,0.21665],[0.16645,0.21485],[0.16555,0.21335]]}},{"type":"Feature","properties":{},"geometry":{"type":"LineString","coordinates":[[0.17275,0.21815],[0.17305,0.21815]]}},{"type":"Feature","properties":{},"geometry":{"type":"LineString","coordinates":[[0.17275,0.21815],[0.17275,0.21785]]}},{"type":"Feature","properties":{},"geometry":{"type":"LineString","coordinates":[[0.10555,-0.11665],[0.10525,-0.11635]]}},{"type":"Feature","properties":{},"geometry":{"type":"LineString","coordinates":[[0.10555,-0.11665],[0.10585,-0.11635]]}},{"type":"Feature","properties":{},"geometry":{"type":"LineString","coordinates":[[0.10555,-0.11665],[0.10525,-0.11695]]}},{"type":"Feature","properties":{},"geometry":{"type":"LineString","coordinates":[[-0.06485,0.47495],[-0.06455,0.47495]]}},{"type":"Feature","properties":{},"geometry":{"type":"LineString","coordinates":[[-0.06485,0.47495],[-0.06515,0.47465]]}},{"type":"Feature","properties":{},"geometry":{"type":"LineString","coordinates":[[-0.07115,0.32645],[-0.07085,0.32675]]}},{"type":"Feature","properties":{},"geometry":{"type":"LineString","coordinates":[[-0.07115,0.32645],[-0.07085,0.32645]]}},{"type":"Feature","properties":{},"geometry":{"type":"LineString","coordinates":[[-0.07115,0.32645],[-0.07145,0.32615]]}},{"type":"Feature","properties":{},"geometry":{"type":"LineString","coordinates":[[-0.10565,-0.09355],[-0.10745,-0.09445],[-0.10955,-0.09415],[-0.11045,-0.09325],[-0.11315,-0.09355],[-0.11465,-0.09295],[-0.11615,-0.09385],[-0.11765,-0.09355],[-0.12005,-0.09655],[-0.12245,-0.09715],[-0.12455,-0.09955]]}},{"type":"Feature","properties":{},"geometry":{"type":"LineString","coordinates":[[-0.28265,0.32105],[-0.28085,0.32315],[-0.28055,0.32495],[-0.28355,0.32945],[-0.29405,0.34025],[-0.29465,0.33995],[-0.30425,0.34865],[-0.30335,0.35165],[-0.30665,0.35525],[-0.30425,0.35825],[-0.30515,0.35975],[-0.29765,0.36785],[-0.30035,0.37295],[-0.30395,0.37685],[-0.30365,0.37745],[-0.30455,0.37895],[-0.30845,0.38285],[-0.30755,0.38525],[-0.31025,0.38855],[-0.31055,0.39155],[-0.31295,0.39515],[-0.31265,0.39635],[-0.31505,0.39845]]}},{"type":"Feature","properties":{},"geometry":{"type":"LineString","coordinates":[[-0.28265,0.32105],[-0.28265,0.32075]]}},{"type":"Feature","properties":{},"geometry":{"type":"LineString","coordinates":[[0.10315,-0.11875],[0.10315,-0.11845]]}},{"type":"Feature","properties":{},"geometry":{"type":"LineString","coordinates":[[0.10315,-0.11875],[0.10285,-0.11875]]}},{"type":"Feature","properties":{},"geometry":{"type":"LineString","coordinates":[[0.10315,-0.11875],[0.10345,-0.11875]]}},{"type":"Feature","properties":{},"geometry":{"type":"LineString","coordinates":[[0.25705,0.46355],[0.25015,0.47015]]}},{"type":"Feature","properties":{},"geometry":{"type":"LineString","coordinates":[[0.25705,0.46355],[0.25735,0.46355]]}},{"type":"Feature","properties":{},"geometry":{"type":"LineString","coordinates":[[0.25705,0.46355],[0.25705,0.46325]]}},{"type":"Feature","properties":{},"geometry":{"type":"LineString","coordinates":[[-0.34535,-0.68425],[-0.34745,-0.68215],[-0.34835,-0.67855],[-0.35405,-0.67075],[-0.35435,-0.66805],[-0.35375,-0.66685],[-0.35495,-0.66385],[-0.35495,-0.66115],[-0.35705,-0.65725]]}},{"type":"Feature","properties":{},"geometry":{"type":"LineString","coordinates":[[0.06655,0.02015],[0.06115,0.02105],[0.05665,0.02315],[0.04975,0.02405],[0.04915,0.02465],[0.04855,0.02405],[0.04765,0.02495],[0.04375,0.02525],[0.03805,0.02405],[0.03295,0.02465],[-0.02435,-0.03265]]}},{"type":"Feature","properties":{},"geometry":{"type":"LineString","coordinates":[[0.06655,0.02015],[0.06685,0.02015]]}},{"type":"Feature","properties":{},"geometry":{"type":"LineString","coordinates":[[0.09085,0.06035],[0.09055,0.06065]]}},{"type":"Feature","properties":{},"geometry":{"type":"LineString","coordinates":[[0.09085,0.06035],[0.09115,0.06065]]}},{"type":"Feature","properties":{},"geometry":{"type":"LineString","coordinates":[[0.09085,0.06035],[0.09115,0.06035]]}},{"type":"Feature","properties":{},"geometry":{"type":"LineString","coordinates":[[0.09085,0.06035],[0.09115,0.06005]]}},{"type":"Feature","properties":{},"geometry":{"type":"LineString","coordinates":[[0.25345,-0.14545],[0.25675,-0.14815],[0.24895,-0.15625],[0.24835,-0.15775]]}},{"type":"Feature","properties":{},"geometry":{"type":"LineString","coordinates":[[0.45085,-0.09835],[0.45325,-0.09805],[0.45715,-0.09445],[0.45895,-0.09505],[0.46015,-0.09415],[0.46195,-0.09475],[0.46735,-0.09445],[0.47065,-0.09565],[0.47215,-0.09445],[0.47395,-0.09625],[0.47365,-0.09715],[0.47515,-0.09835],[0.47635,-0.09835],[0.47545,-0.09985],[0.47545,-0.10255],[0.47665,-0.10405],[0.47575,-0.10495],[0.47695,-0.10645],[0.47665,-0.10705],[0.47935,-0.11005],[0.47995,-0.11245],[0.48115,-0.11365],[0.48055,-0.11455],[0.48145,-0.11635],[0.48775,-0.12355],[0.49015,-0.12475],[0.49255,-0.12745],[0.49465,-0.12835],[0.49765,-0.13165],[0.49825,-0.13135],[0.49915,-0.13225],[0.49855,-0.13375],[0.49975,-0.13525],[0.49915,-0.13585],[0.50005,-0.13705],[0.49825,-0.13975],[0.49795,-0.14155],[0.50245,-0.14665]]}},{"type":"Feature","properties":{},"geometry":{"type":"LineString","coordinates":[[-0.00185,-0.13345],[-0.00245,-0.13405],[-0.00185,-0.13555],[-0.00245,-0.13645],[-0.00215,-0.14005],[-0.00035,-0.14395],[-0.00215,-0.14575],[-0.00185,-0.14755],[-0.00245,-0.14815],[-0.00185,-0.14905],[-0.00245,-0.14965],[-0.00185,-0.15025],[-0.00305,-0.15175],[-5e-05,-0.15655],[-0.00035,-0.15745],[-0.00365,-0.16075],[-0.00605,-0.16465],[-0.00575,-0.16525],[-0.01055,-0.17035],[-0.01355,-0.16945],[-0.01805,-0.17365],[-0.01685,-0.17605],[-0.02135,-0.17995],[-0.02465,-0.18115],[-0.03035,-0.17965]]}},{"type":"Feature","properties":{},"geometry":{"type":"LineString","coordinates":[[0.15385,0.34235],[0.15415,0.34265]]}},{"type":"Feature","properties":{},"geometry":{"type":"LineString","coordinates":[[0.15385,0.34235],[0.14815,0.34475],[0.14545,0.34235],[0.13795,0.33455],[0.13675,0.33305],[0.13705,0.33245],[0.13315,0.32915],[0.13225,0.32675],[0.12805,0.32375],[0.12745,0.32225],[0.12535,0.32045],[0.12355,0.31625],[0.12235,0.31505],[0.12295,0.31445],[0.12115,0.31295],[0.12175,0.31175]]}},{"type":"Feature","properties":{},"geometry":{"type":"LineString","coordinates":[[0.15385,0.34235],[0.15415,0.34205]]}},{"type":"Feature","properties":{},"geometry":{"type":"LineString","coordinates":[[0.10525,-0.11635],[0.10555,-0.11605]]}},{"type":"Feature","properties":{},"geometry":{"type":"LineString","coordinates":[[0.10525,-0.11635],[0.10495,-0.11665]]}},{"type":"Feature","properties":{},"geometry":{"type":"LineString","coordinates":[[0.10285,0.02315],[0.10315,0.02345]]}},{"type":"Feature","properties":{},"geometry":{"type":"LineString","coordinates":[[-0.07055,0.29315],[-0.06995,0.29675],[-0.07175,0.29855],[-0.07205,0.29975],[-0.07115,0.30125],[-0.07175,0.30305],[-0.06725,0.30845],[-0.06545,0.31205]]}},{"type":"Feature","properties":{},"geometry":{"type":"LineString","coordinates":[[-0.05675,0.29255],[-0.05825,0.29675],[-0.06005,0.29885],[-0.05975,0.30005],[-0.06125,0.30185],[-0.06125,0.30305],[-0.06005,0.30425],[-0.06035,0.30515],[-0.06515,0.31205]]}},{"type":"Feature","properties":{},"geometry":{"type":"LineString","coordinates":[[0.20905,0.27215],[0.21235,0.27935],[0.21175,0.28445],[0.21325,0.28595],[0.21295,0.28715],[0.21445,0.29105],[0.21715,0.29525],[0.21835,0.30095],[0.22165,0.30515],[0.23185,0.31535],[0.23245,0.31835],[0.23815,0.32585],[0.23755,0.32855],[0.23935,0.33125],[0.23965,0.33365],[0.23905,0.33515],[0.23995,0.33635],[0.23965,0.33695],[0.24265,0.34025],[0.24265,0.34475],[0.24385,0.34655],[0.24355,0.34775],[0.24535,0.35015],[0.24505,0.35165],[0.24595,0.35255],[0.24535,0.35315],[0.24565,0.35705],[0.24505,0.35915],[0.24595,0.36035],[0.24535,0.36335],[0.24595,0.36515],[0.24565,0.36755],[0.24655,0.36875],[0.24625,0.37085],[0.24715,0.37295],[0.24655,0.37385],[0.24715,0.37535],[0.24655,0.38015],[0.24805,0.38615],[0.24745,0.38885],[0.25045,0.39335],[0.25015,0.39635],[0.25135,0.39905],[0.25105,0.39995],[0.25345,0.40265],[0.25555,0.40655],[0.25585,0.41195],[0.25525,0.41255],[0.25525,0.41465],[0.25645,0.41585],[0.25615,0.41735],[0.25825,0.41945],[0.25885,0.42155],[0.26095,0.42395],[0.26065,0.42755],[0.26275,0.43055],[0.26305,0.43325],[0.26245,0.43415],[0.26305,0.43565],[0.26605,0.43955],[0.26845,0.44105],[0.26935,0.44285],[0.27175,0.44465],[0.27385,0.44915],[0.27325,0.45095],[0.27565,0.45395],[0.27595,0.45575],[0.27715,0.45725],[0.27715,0.46085]]}},{"type":"Feature","properties":{},"geometry":{"type":"LineString","coordinates":[[0.20905,0.27215],[0.20905,0.27185]]}},{"type":"Feature","properties":{},"geometry":{"type":"LineString","coordinates":[[0.20905,0.27215],[0.20935,0.27185]]}},{"type":"Feature","properties":{},"geometry":{"type":"LineString","coordinates":[[0.29005,-0.35215],[0.28975,-0.35185]]}},{"type":"Feature","properties":{},"geometry":{"type":"LineString","coordinates":[[0.29005,-0.35215],[0.29035,-0.35185]]}},{"type":"Feature","properties":{},"geometry":{"type":"LineString","coordinates":[[0.29005,-0.35215],[0.24445,-0.39805],[0.24325,-0.39835],[0.24025,-0.40135],[0.23935,-0.40525],[0.23845,-0.40615],[0.23905,-0.40675],[0.23635,-0.40975]]}},{"type":"Feature","properties":{},"geometry":{"type":"LineString","coordinates":[[-0.30845,0.40505],[-0.30845,0.40535]]}},{"type":"Feature","properties":{},"geometry":{"type":"LineString","coordinates":[[-0.30845,0.40505],[-0.30815,0.40535]]}},{"type":"Feature","properties":{},"geometry":{"type":"LineString","coordinates":[[-0.30845,0.40505],[-0.31505,0.39875]]}},{"type":"Feature","properties":{},"geometry":{"type":"LineString","coordinates":[[0.19945,-0.36745],[0.19915,-0.36715]]}},{"type":"Feature","properties":{},"geometry":{"type":"LineString","coordinates":[[0.19945,-0.36745],[0.19975,-0.36715]]}},{"type":"Feature","properties":{},"geometry":{"type":"LineString","coordinates":[[0.19945,-0.36745],[0.19975,-0.36745]]}},{"type":"Feature","properties":{},"geometry":{"type":"LineString","coordinates":[[0.45895,-0.21115],[0.46255,-0.20875],[0.46465,-0.20635],[0.46615,-0.20725],[0.46705,-0.20665],[0.47005,-0.20845],[0.47125,-0.20755],[0.47275,-0.20785],[0.47365,-0.20725],[0.47845,-0.21145],[0.47995,-0.21085],[0.48145,-0.21205],[0.48295,-0.21145],[0.48355,-0.21205],[0.48625,-0.21115]]}},{"type":"Feature","properties":{},"geometry":{"type":"LineString","coordinates":[[0.06355,-0.09475],[0.06025,-0.09235],[0.06025,-0.09145],[0.05605,-0.08725],[0.05635,-0.08575],[0.05575,-0.08485],[0.05695,-0.08365],[0.05425,-0.08005],[0.05665,-0.07615]]}},{"type":"Feature","properties":{},"geometry":{"type":"LineString","coordinates":[[0.06355,-0.09475],[0.06385,-0.09445]]}},{"type":"Feature","properties":{},"geometry":{"type":"LineString","coordinates":[[0.06355,-0.09475],[0.06385,-0.09505]]}},{"type":"Feature","properties":{},"geometry":{"type":"LineString","coordinates":[[-0.47375,0.47765],[-0.47495,0.47855],[-0.47555,0.47825],[-0.47795,0.48065],[-0.47885,0.48005],[-0.48305,0.48035],[-0.48905,0.47645],[-0.49115,0.47645],[-0.49325,0.47795],[-0.49565,0.47825],[-0.49895,0.47735],[-0.50075,0.47855],[-0.50285,0.47735]]}},{"type":"Feature","properties":{},"geometry":{"type":"LineString","coordinates":[[0.19795,-0.05755],[0.18265,-0.04285],[0.18085,-0.04225],[0.17845,-0.04375],[0.17515,-0.04195],[0.17395,-0.04225],[0.16885,-0.03745],[0.16765,-0.03715],[0.14905,-0.01855],[0.13705,-0.03055],[0.13645,-0.03025],[0.13315,-0.03325],[0.13105,-0.03325],[0.12865,-0.03475],[0.12535,-0.03445],[0.12385,-0.03265],[0.12175,-0.03265],[0.12115,-0.03205],[0.11905,-0.03325],[0.11695,-0.03265],[0.11545,-0.03325],[0.11455,-0.03235],[0.11245,-0.03295],[0.11155,-0.03235],[0.11035,-0.03325],[0.10945,-0.03175],[0.10525,-0.03415],[0.10375,-0.03355],[0.10195,-0.03385],[0.09955,-0.03655],[0.09985,-0.03745],[0.09715,-0.04015],[0.09835,-0.04195],[0.09535,-0.04585],[0.09445,-0.04675],[0.09385,-0.04645],[0.08395,-0.05635],[0.08395,-0.05785],[0.08305,-0.05905],[0.07375,-0.06745],[0.07435,-0.06805],[0.07345,-0.06895],[0.07375,-0.06985],[0.07525,-0.07135],[0.07315,-0.07345],[0.07435,-0.07645],[0.07105,-0.07975],[0.07165,-0.08035],[0.07015,-0.08215],[0.07075,-0.08275],[0.06325,-0.09115],[0.06355,-0.09265],[0.06295,-0.09325],[0.06385,-0.09445]]}},{"type":"Feature","properties":{},"geometry":{"type":"LineString","coordinates":[[0.19795,-0.05755],[0.20815,-0.04735],[0.20755,-0.04645],[0.20755,-0.04285],[0.20845,-0.04135],[0.20695,-0.03955],[0.20635,-0.03835],[0.20695,-0.03775],[0.20605,-0.03685],[0.20785,-0.03355],[0.20695,-0.03175],[0.20785,-0.02545]]}},{"type":"Feature","properties":{},"geometry":{"type":"LineString","coordinates":[[0.19795,-0.05755],[0.19825,-0.05785]]}},{"type":"Feature","properties":{},"geometry":{"type":"LineString","coordinates":[[-0.12995,0.68765],[-0.13145,0.68615],[-0.13115,0.68495],[-0.13295,0.68315],[-0.13265,0.68255],[-0.13535,0.67985],[-0.13415,0.67835],[-0.13685,0.67535],[-0.13865,0.67145],[-0.14075,0.66935]]}},{"type":"Feature","properties":{},"geometry":{"type":"LineString","coordinates":[[0.19855,-0.36655],[0.19825,-0.36625]]}},{"type":"Feature","properties":{},"geometry":{"type":"LineString","coordinates":[[0.19855,-0.36655],[0.19885,-0.36625]]}},{"type":"Feature","properties":{},"geometry":{"type":"LineString","coordinates":[[0.19855,-0.36655],[0.19885,-0.36685]]}},{"type":"Feature","properties":{},"geometry":{"type":"LineString","coordinates":[[-0.25295,0.58955],[-0.25925,0.58355],[-0.26195,0.58175],[-0.26405,0.58145],[-0.27545,0.57005]]}},{"type":"Feature","properties":{},"geometry":{"type":"LineString","coordinates":[[0.22255,-0.53275],[0.22615,-0.53365],[0.22915,-0.53245],[0.23125,-0.53305],[0.23275,-0.53245],[0.23815,-0.53245],[0.23875,-0.53305],[0.24295,-0.53215],[0.24535,-0.53305],[0.24865,-0.53305],[0.24985,-0.53215],[0.25225,-0.53215],[0.25825,-0.52645],[0.26455,-0.52435],[0.27145,-0.51895],[0.27385,-0.51895],[0.27475,-0.51805],[0.27745,-0.51775],[0.28075,-0.51595],[0.28435,-0.51535],[0.28735,-0.51325],[0.28825,-0.51355],[0.29005,-0.51265],[0.29275,-0.51055],[0.29365,-0.51115],[0.29695,-0.50935],[0.30025,-0.50935],[0.30235,-0.51025],[0.30625,-0.50875],[0.31465,-0.50035]]}},{"type":"Feature","properties":{},"geometry":{"type":"LineString","coordinates":[[0.22255,-0.53275],[0.22645,-0.52795],[0.22615,-0.52735],[0.22795,-0.52585],[0.22735,-0.52495],[0.22825,-0.52315],[0.22735,-0.52195]]}},{"type":"Feature","properties":{},"geometry":{"type":"LineString","coordinates":[[0.22255,-0.53275],[0.22075,-0.53305],[0.21985,-0.53395],[0.21895,-0.53335],[0.21745,-0.53365],[0.21535,-0.53185],[0.21325,-0.53185],[0.20905,-0.52855]]}},{"type":"Feature","properties":{},"geometry":{"type":"LineString","coordinates":[[0.07225,-0.12745],[0.07195,-0.12715]]}},{"type":"Feature","properties":{},"geometry":{"type":"LineString","coordinates":[[0.07225,-0.12745],[0.07375,-0.12775],[0.07525,-0.12535],[0.07735,-0.12385],[0.08125,-0.12595]]}},{"type":"Feature","properties":{},"geometry":{"type":"LineString","coordinates":[[-0.19445,0.61475],[-0.18725,0.61895],[-0.18575,0.61805],[-0.18215,0.61895],[-0.17855,0.62345],[-0.17765,0.62585],[-0.17525,0.62825],[-0.16685,0.63425],[-0.16355,0.63515],[-0.15995,0.63485],[-0.15455,0.63935],[-0.15395,0.64235],[-0.15455,0.64385],[-0.15365,0.64625],[-0.14495,0.65645],[-0.14525,0.65735],[-0.14435,0.65825],[-0.14555,0.65975],[-0.14375,0.66305],[-0.14435,0.66365],[-0.14375,0.66455],[-0.14435,0.66575],[-0.14345,0.66695]]}},{"type":"Feature","properties":{},"geometry":{"type":"LineString","coordinates":[[-0.35705,-0.65725],[-0.35705,-0.65695]]}},{"type":"Feature","properties":{},"geometry":{"type":"LineString","coordinates":[[-0.35705,-0.65725],[-0.35735,-0.65725]]}},{"type":"Feature","properties":{},"geometry":{"type":"LineString","coordinates":[[-0.10445,0.31565],[-0.10415,0.31595]]}},{"type":"Feature","properties":{},"geometry":{"type":"LineString","coordinates":[[-0.10445,0.31565],[-0.10475,0.31535]]}},{"type":"Feature","properties":{},"geometry":{"type":"LineString","coordinates":[[0.17275,0.21785],[0.17305,0.21815]]}},{"type":"Feature","properties":{},"geometry":{"type":"LineString","coordinates":[[0.17275,0.21785],[0.17245,0.21665],[0.17035,0.21455],[0.16885,0.20825],[0.16645,0.20555],[0.16645,0.20465],[0.16405,0.20285],[0.16375,0.20105],[0.15775,0.19445]]}},{"type":"Feature","properties":{},"geometry":{"type":"LineString","coordinates":[[-0.10895,0.04985],[-0.10865,0.05015]]}},{"type":"Feature","properties":{},"geometry":{"type":"LineString","coordinates":[[-0.10895,0.04985],[-0.10865,0.04985]]}},{"type":"Feature","properties":{},"geometry":{"type":"LineString","coordinates":[[-0.10895,0.04985],[-0.10955,0.04925],[-0.10925,0.04745],[-0.11075,0.04325],[-0.11045,0.04235],[-0.11735,0.02885],[-0.11735,0.02465],[-0.11795,0.02405],[-0.11675,0.01985],[-0.11765,0.01715],[-0.11705,0.01625],[-0.11735,0.01385],[-0.12485,0.00635],[-0.12455,0.00515],[-0.12635,0.00335],[-0.12605,0.00275],[-0.12965,-0.00085],[-0.13115,0.00035],[-0.13325,-0.00085],[-0.13925,-0.00715],[-0.13985,-0.00865],[-0.13925,-0.00925],[-0.14045,-0.01015],[-0.14015,-0.01075],[-0.14585,-0.01645],[-0.14855,-0.02065],[-0.15005,-0.02215],[-0.15275,-0.02245],[-0.15755,-0.02875],[-0.15965,-0.03085],[-0.16025,-0.03025],[-0.16205,-0.03175],[-0.16175,-0.03265],[-0.16295,-0.03475],[-0.16595,-0.03685],[-0.16805,-0.03685],[-0.16925,-0.03565],[-0.17075,-0.03685],[-0.17135,-0.03625],[-0.17285,-0.03655],[-0.17495,-0.03445],[-0.17705,-0.03355],[-0.17945,-0.03415],[-0.18245,-0.03295],[-0.18785,-0.03805]]}},{"type":"Feature","properties":{},"geometry":{"type":"LineString","coordinates":[[-0.06605,0.47315],[-0.06635,0.47345]]}},{"type":"Feature","properties":{},"geometry":{"type":"LineString","coordinates":[[-0.06605,0.47315],[-0.06575,0.47345]]}},{"type":"Feature","properties":{},"geometry":{"type":"LineString","coordinates":[[0.10435,-0.27985],[0.10465,-0.27955]]}},{"type":"Feature","properties":{},"geometry":{"type":"LineString","coordinates":[[0.10435,-0.27985],[0.10285,-0.28585],[0.09685,-0.29155],[0.09475,-0.29245],[0.08875,-0.29755]]}},{"type":"Feature","properties":{},"geometry":{"type":"LineString","coordinates":[[-0.00785,0.01835],[-0.00785,0.01865]]}},{"type":"Feature","properties":{},"geometry":{"type":"LineString","coordinates":[[-0.00785,0.01835],[-0.00755,0.01865]]}},{"type":"Feature","properties":{},"geometry":{"type":"LineString","coordinates":[[-0.00785,0.01835],[-0.01265,0.01235],[-0.01595,0.00635],[-0.01745,0.00095],[-0.02375,-0.00805],[-0.02465,-0.01225],[-0.02375,-0.01525],[-0.02555,-0.02065],[-0.02525,-0.02335],[-0.02615,-0.02725],[-0.02555,-0.03145],[-0.02465,-0.03265]]}},{"type":"Feature","properties":{},"geometry":{"type":"LineString","coordinates":[[-0.28265,0.32075],[-0.28205,0.32015],[-0.28265,0.31955],[-0.28235,0.31865],[-0.27935,0.31565],[-0.28025,0.31385],[-0.28025,0.31085],[-0.28115,0.30965],[-0.28085,0.30845],[-0.28175,0.30755],[-0.28085,0.30545]]}},{"type":"Feature","properties":{},"geometry":{"type":"LineString","coordinates":[[-0.14255,0.66785],[-0.14225,0.66815]]}},{"type":"Feature","properties":{},"geometry":{"type":"LineString","coordinates":[[-0.14255,0.66785],[-0.14225,0.66755]]}},{"type":"Feature","properties":{},"geometry":{"type":"LineString","coordinates":[[0.19915,-0.36715],[0.19885,-0.36685]]}},{"type":"Feature","properties":{},"geometry":{"type":"LineString","coordinates":[[0.19915,-0.36715],[0.19945,-0.36685]]}},{"type":"Feature","properties":{},"geometry":{"type":"LineString","coordinates":[[0.26605,0.22325],[0.26605,0.22355]]}},{"type":"Feature","properties":{},"geometry":{"type":"LineString","coordinates":[[0.26605,0.22325],[0.26635,0.22325]]}},{"type":"Feature","properties":{},"geometry":{"type":"LineString","coordinates":[[0.26605,0.22325],[0.26455,0.22175],[0.26635,0.21965],[0.26755,0.21515],[0.27055,0.21215],[0.27265,0.21125],[0.27445,0.20735],[0.27385,0.20615],[0.27745,0.20675],[0.28045,0.20375]]}},{"type":"Feature","properties":{},"geometry":{"type":"LineString","coordinates":[[0.10795,-0.11365],[0.10825,-0.11335]]}},{"type":"Feature","properties":{},"geometry":{"type":"LineString","coordinates":[[0.10795,-0.11365],[0.10795,-0.11395]]}},{"type":"Feature","properties":{},"geometry":{"type":"LineString","coordinates":[[0.10795,-0.11365],[0.10825,-0.11395]]}},{"type":"Feature","properties":{},"geometry":{"type":"LineString","coordinates":[[-0.06575,0.47405],[-0.06545,0.47435]]}},{"type":"Feature","properties":{},"geometry":{"type":"LineString","coordinates":[[-0.06575,0.47405],[-0.06605,0.47375]]}},{"type":"Feature","properties":{},"geometry":{"type":"LineString","coordinates":[[-0.06575,0.47405],[-0.06545,0.47375]]}},{"type":"Feature","properties":{},"geometry":{"type":"LineString","coordinates":[[0.29365,-0.17515],[0.29425,-0.17515]]}},{"type":"Feature","properties":{},"geometry":{"type":"LineString","coordinates":[[0.29365,-0.17515],[0.29365,-0.17485]]}},{"type":"Feature","properties":{},"geometry":{"type":"LineString","coordinates":[[0.29365,-0.17515],[0.29395,-0.17485]]}},{"type":"Feature","properties":{},"geometry":{"type":"LineString","coordinates":[[-0.34295,0.60305],[-0.34265,0.60425],[-0.33725,0.60935],[-0.33665,0.61385],[-0.33455,0.61625],[-0.33515,0.61715],[-0.33455,0.61835],[-0.33545,0.61925],[-0.33455,0.62045],[-0.33455,0.62285],[-0.33545,0.62465],[-0.33455,0.62555],[-0.33515,0.62615],[-0.33185,0.62975],[-0.33425,0.63335],[-0.33245,0.63635],[-0.33425,0.63905],[-0.33395,0.64115],[-0.33455,0.64205],[-0.33245,0.64415],[-0.33305,0.64535],[-0.33215,0.64745],[-0.33215,0.65015],[-0.33095,0.65135],[-0.33155,0.65195],[-0.33125,0.65315],[-0.32915,0.65615],[-0.32945,0.65705],[-0.32885,0.65765],[-0.33005,0.65945],[-0.32945,0.66005],[-0.33005,0.66305]]}},{"type":"Feature","properties":{},"geometry":{"type":"LineString","coordinates":[[-0.27575,0.57005],[-0.27725,0.57155]]}},{"type":"Feature","properties":{},"geometry":{"type":"LineString","coordinates":[[-0.27575,0.57005],[-0.27545,0.57005]]}},{"type":"Feature","properties":{},"geometry":{"type":"LineString","coordinates":[[0.16105,-0.40075],[0.16675,-0.39745],[0.16915,-0.39775],[0.17005,-0.39685],[0.17215,-0.39655],[0.17365,-0.39505],[0.17545,-0.39535],[0.17815,-0.39205],[0.17965,-0.39205]]}},{"type":"Feature","properties":{},"geometry":{"type":"LineString","coordinates":[[0.31915,0.45965],[0.31825,0.45575],[0.31705,0.45455],[0.31735,0.45365]]}},{"type":"Feature","properties":{},"geometry":{"type":"LineString","coordinates":[[-0.44765,0.60725],[-0.44735,0.60545],[-0.44525,0.60275],[-0.44585,0.60035],[-0.44735,0.59825],[-0.43835,0.59015],[-0.43565,0.58985],[-0.43205,0.59345],[-0.42845,0.59045],[-0.42395,0.58805]]}},{"type":"Feature","properties":{},"geometry":{"type":"LineString","coordinates":[[-0.04025,0.36755],[-0.04055,0.36665],[-0.03995,0.36605],[-0.04175,0.36455],[-0.04175,0.36305],[-0.04655,0.35885],[-0.04775,0.35885],[-0.04925,0.35765],[-0.04985,0.35645],[-0.04955,0.35465],[-0.05735,0.34595],[-0.05765,0.34295],[-0.06275,0.33755],[-0.06245,0.33665],[-0.07085,0.32675]]}},{"type":"Feature","properties":{},"geometry":{"type":"LineString","coordinates":[[0.10645,0.31175],[0.10765,0.31355],[0.11035,0.31475],[0.11215,0.31835],[0.11215,0.32015],[0.11425,0.32345],[0.11365,0.32525],[0.11425,0.32795],[0.11275,0.32885],[0.11275,0.33065],[0.11095,0.33305],[0.10615,0.33755],[0.10585,0.33965],[0.10165,0.34385],[0.10285,0.34535],[0.10225,0.34655],[0.10315,0.34745],[0.10315,0.34955],[0.10195,0.35105],[0.10165,0.35435],[0.10075,0.35525],[0.09535,0.35855],[0.09085,0.36005],[0.08995,0.35975],[0.08875,0.36065],[0.08665,0.36005],[0.08485,0.36155],[0.08425,0.36095],[0.08215,0.36305],[0.08005,0.36245],[0.07855,0.36365],[0.07705,0.36335],[0.07345,0.36665],[0.07615,0.36935],[0.07645,0.37085],[0.07495,0.37325],[0.07585,0.37535],[0.07495,0.37625],[0.07495,0.38195],[0.07345,0.38555],[0.07375,0.38915],[0.07255,0.39125]]}},{"type":"Feature","properties":{},"geometry":{"type":"LineString","coordinates":[[0.20905,0.27185],[0.20935,0.27185]]}},{"type":"Feature","properties":{},"geometry":{"type":"LineString","coordinates":[[0.20905,0.27185],[0.20905,0.27155]]}},{"type":"Feature","properties":{},"geometry":{"type":"LineString","coordinates":[[-0.04805,0.38975],[-0.05375,0.39545],[-0.05435,0.39515],[-0.05795,0.39815],[-0.05945,0.39845],[-0.06245,0.40145]]}},{"type":"Feature","properties":{},"geometry":{"type":"LineString","coordinates":[[-0.07175,0.32585],[-0.07385,0.32375],[-0.07715,0.32285],[-0.07985,0.32045],[-0.08075,0.32045],[-0.08405,0.32375],[-0.08735,0.32525],[-0.08945,0.32435],[-0.09185,0.32195],[-0.09245,0.32255],[-0.09485,0.32105],[-0.09905,0.31745],[-0.10355,0.31595]]}},{"type":"Feature","properties":{},"geometry":{"type":"LineString","coordinates":[[-0.07175,0.32585],[-0.07145,0.32615]]}},{"type":"Feature","properties":{},"geometry":{"type":"LineString","coordinates":[[-0.07175,0.32585],[-0.07145,0.32585]]}},{"type":"Feature","properties":{},"geometry":{"type":"LineString","coordinates":[[-0.07175,0.32585],[-0.07145,0.32555]]}},{"type":"Feature","properties":{},"geometry":{"type":"LineString","coordinates":[[-0.08075,0.58235],[-0.08645,0.57635],[-0.08885,0.57485],[-0.09425,0.56825],[-0.09665,0.56765],[-0.10325,0.56045],[-0.10685,0.55775],[-0.10895,0.55895],[-0.11075,0.55715],[-0.11135,0.55745],[-0.11285,0.55655],[-0.12305,0.54695],[-0.12665,0.54395],[-0.12755,0.54425],[-0.12965,0.54215],[-0.13235,0.54275],[-0.13325,0.54215],[-0.13685,0.54395],[-0.14105,0.54815],[-0.14555,0.54995],[-0.14645,0.54935],[-0.14885,0.54965],[-0.15395,0.54875],[-0.16175,0.54485]]}},{"type":"Feature","properties":{},"geometry":{"type":"LineString","coordinates":[[-0.08075,0.58235],[-0.08045,0.58445],[-0.07895,0.58655],[-0.07955,0.58895],[-0.07865,0.59075],[-0.07955,0.59195],[-0.07715,0.59405],[-0.07835,0.59585],[-0.07595,0.60065],[-0.07655,0.60155],[-0.07595,0.60215],[-0.07865,0.60485],[-0.07565,0.60995],[-0.07385,0.60965],[-0.07265,0.61025],[-0.06575,0.61745]]}},{"type":"Feature","properties":{},"geometry":{"type":"LineString","coordinates":[[-0.08075,0.58235],[-0.07955,0.57965],[-0.08705,0.57035],[-0.08675,0.56915],[-0.08405,0.56675],[-0.08345,0.56405],[-0.08255,0.56345],[-0.08255,0.56075],[-0.08045,0.55925],[-0.08105,0.55745],[-0.08315,0.55535],[-0.08165,0.55385]]}},{"type":"Feature","properties":{},"geometry":{"type":"LineString","coordinates":[[-0.14105,0.66875],[-0.14135,0.66905]]}},{"type":"Feature","properties":{},"geometry":{"type":"LineString","coordinates":[[-0.14105,0.66875],[-0.14075,0.66905]]}},{"type":"Feature","properties":{},"geometry":{"type":"LineString","coordinates":[[-0.14105,0.66875],[-0.14135,0.66845]]}},{"type":"Feature","properties":{},"geometry":{"type":"LineString","coordinates":[[-0.09605,0.04415],[-0.09905,0.04715],[-0.10145,0.04835],[-0.10235,0.04805],[-0.10475,0.04985],[-0.10625,0.05045],[-0.10865,0.04985]]}},{"type":"Feature","properties":{},"geometry":{"type":"LineString","coordinates":[[0.08125,-0.12625],[0.08125,-0.12595]]}},{"type":"Feature","properties":{},"geometry":{"type":"LineString","coordinates":[[0.08125,-0.12625],[0.08155,-0.12595]]}},{"type":"Feature","properties":{},"geometry":{"type":"LineString","coordinates":[[0.08125,-0.12625],[0.08215,-0.12835],[0.08185,-0.12955],[0.08275,-0.13045],[0.08155,-0.13255],[0.08155,-0.13465],[0.08845,-0.14095],[0.08935,-0.14065],[0.09055,-0.14155],[0.09265,-0.14035],[0.09445,-0.14065]]}},{"type":"Feature","properties":{},"geometry":{"type":"LineString","coordinates":[[0.26605,0.22355],[0.26455,0.22445],[0.25915,0.22145],[0.25645,0.22385]]}},{"type":"Feature","properties":{},"geometry":{"type":"LineString","coordinates":[[0.26605,0.22355],[0.26635,0.22325]]}},{"type":"Feature","properties":{},"geometry":{"type":"LineString","coordinates":[[-0.41585,0.06605],[-0.41705,0.06335],[-0.41765,0.06365],[-0.42335,0.06005],[-0.42755,0.05585],[-0.42695,0.05525],[-0.43025,0.05195],[-0.43295,0.05045],[-0.43475,0.04715],[-0.43805,0.04505],[-0.43835,0.04385],[-0.44165,0.04115],[-0.44165,0.03845],[-0.44645,0.03485],[-0.44885,0.03065],[-0.44885,0.02795],[-0.45155,0.02255],[-0.45635,0.01565],[-0.46205,0.01145],[-0.46415,0.01145],[-0.46535,0.01025],[-0.47045,0.00845],[-0.47195,0.00725],[-0.47645,0.00695],[-0.47975,0.00395],[-0.47975,0.00275],[-0.48095,0.00155],[-0.48065,-0.00055],[-0.48215,-0.00265],[-0.48035,-0.00475],[-0.48125,-0.00745],[-0.48245,-0.00955],[-0.48395,-0.01045],[-0.48545,-0.01375],[-0.48995,-0.01765],[-0.48935,-0.01975],[-0.49085,-0.02215]]}},{"type":"Feature","properties":{},"geometry":{"type":"LineString","coordinates":[[-0.41315,0.09035],[-0.41165,0.09095],[-0.41165,0.09215],[-0.41015,0.09365],[-0.40895,0.09365],[-0.40655,0.09605],[-0.40415,0.09665],[-0.40355,0.09875],[-0.39785,0.10355],[-0.39575,0.10775],[-0.39305,0.11075],[-0.39065,0.11195],[-0.38975,0.11375],[-0.38975,0.11615],[-0.38855,0.11765],[-0.38825,0.12125],[-0.38885,0.12305],[-0.38795,0.12395],[-0.38825,0.12665],[-0.38735,0.12755],[-0.38825,0.12935],[-0.38825,0.13175],[-0.38915,0.13235],[-0.38945,0.13565],[-0.38675,0.13775],[-0.38375,0.13835],[-0.38105,0.14225],[-0.37655,0.14615],[-0.37415,0.14945],[-0.37235,0.14945],[-0.36785,0.15125],[-0.36575,0.15515],[-0.36185,0.15725],[-0.35675,0.16265],[-0.35705,0.16325],[-0.35345,0.16685],[-0.35345,0.16805],[-0.35195,0.16925],[-0.35195,0.17015],[-0.34805,0.17225],[-0.34685,0.17405],[-0.34955,0.18005],[-0.34775,0.18365]]}},{"type":"Feature","properties":{},"geometry":{"type":"LineString","coordinates":[[0.29365,-0.17485],[0.29395,-0.17485]]}},{"type":"Feature","properties":{},"geometry":{"type":"LineString","coordinates":[[-0.07085,0.32675],[-0.07085,0.32645]]}},{"type":"Feature","properties":{},"geometry":{"type":"LineString","coordinates":[[-0.07085,0.32675],[-0.07055,0.32645]]}},{"type":"Feature","properties":{},"geometry":{"type":"LineString","coordinates":[[0.25645,0.22385],[0.25255,0.21995],[0.25675,0.21575],[0.25945,0.21485],[0.26395,0.21065],[0.26365,0.21005],[0.26665,0.20645],[0.26695,0.20495],[0.26575,0.20375],[0.26605,0.20255],[0.26515,0.20165],[0.26455,0.20195],[0.26125,0.19805],[0.25975,0.19745],[0.25255,0.18905],[0.25375,0.18785],[0.25225,0.18485],[0.25255,0.18305],[0.24715,0.17645],[0.24775,0.17495],[0.24655,0.17195],[0.24685,0.17105],[0.24595,0.17015],[0.24625,0.16925],[0.24355,0.16775],[0.22525,0.14915],[0.22405,0.14705],[0.22495,0.14615],[0.22465,0.14495],[0.21955,0.13745],[0.21985,0.13655],[0.21895,0.13505],[0.21985,0.13385],[0.21925,0.13235],[0.22015,0.12845],[0.21955,0.12785],[0.21985,0.12545],[0.21895,0.12455],[0.22465,0.11285]]}},{"type":"Feature","properties":{},"geometry":{"type":"LineString","coordinates":[[0.25645,0.22385],[0.25285,0.22745]]}},{"type":"Feature","properties":{},"geometry":{"type":"LineString","coordinates":[[-0.11075,0.36275],[-0.10985,0.36605],[-0.11315,0.36995],[-0.11225,0.37355],[-0.11345,0.37565],[-0.11315,0.37895],[-0.11165,0.38105],[-0.11105,0.38375],[-0.11855,0.39185],[-0.11855,0.39365],[-0.11705,0.39545],[-0.11615,0.39815],[-0.11885,0.40355],[-0.11825,0.40445],[-0.11885,0.40655],[-0.11795,0.40745],[-0.11825,0.40895],[-0.11465,0.41225],[-0.11465,0.41345],[-0.11675,0.41585],[-0.11585,0.41765],[-0.11735,0.41975],[-0.11705,0.42035],[-0.12005,0.42335]]}},{"type":"Feature","properties":{},"geometry":{"type":"LineString","coordinates":[[-0.51635,0.41555],[-0.51515,0.41585],[-0.50225,0.40445],[-0.50165,0.40475],[-0.50045,0.40355],[-0.49985,0.40415],[-0.49655,0.40265],[-0.49565,0.40325],[-0.49265,0.40145],[-0.49205,0.40205],[-0.49145,0.40145],[-0.49025,0.40175],[-0.48515,0.40535],[-0.48275,0.40535],[-0.47945,0.40715],[-0.47615,0.40715],[-0.47405,0.40865],[-0.47135,0.40925],[-0.46955,0.41075],[-0.46835,0.40985],[-0.46775,0.41045],[-0.46625,0.40955],[-0.46505,0.41045],[-0.46445,0.40985],[-0.46145,0.41255],[-0.45545,0.41465]]}},{"type":"Feature","properties":{},"geometry":{"type":"LineString","coordinates":[[0.30595,0.17795],[0.30625,0.17795]]}},{"type":"Feature","properties":{},"geometry":{"type":"LineString","coordinates":[[0.30595,0.17795],[0.30595,0.17765]]}},{"type":"Feature","properties":{},"geometry":{"type":"LineString","coordinates":[[-0.18665,0.06335],[-0.18695,0.06305]]}},{"type":"Feature","properties":{},"geometry":{"type":"LineString","coordinates":[[0.10795,-0.11395],[0.10615,-0.11575]]}},{"type":"Feature","properties":{},"geometry":{"type":"LineString","coordinates":[[0.10795,-0.11395],[0.10825,-0.11395]]}},{"type":"Feature","properties":{},"geometry":{"type":"LineString","coordinates":[[-0.26465,0.24665],[-0.26795,0.24455],[-0.27095,0.24065],[-0.27395,0.23915],[-0.27455,0.23975],[-0.27635,0.23915],[-0.28535,0.23075],[-0.28595,0.23135],[-0.29075,0.22715],[-0.29375,0.22355],[-0.29465,0.22085],[-0.29825,0.21695],[-0.30095,0.21215],[-0.30545,0.20765],[-0.30545,0.20615],[-0.31265,0.19835],[-0.31865,0.20345],[-0.32015,0.20375],[-0.32135,0.20285],[-0.32315,0.20465],[-0.32555,0.20555],[-0.32675,0.20465]]}},{"type":"Feature","properties":{},"geometry":{"type":"LineString","coordinates":[[-0.40235,0.27965],[-0.40265,0.27875],[-0.40085,0.27665],[-0.39905,0.27575],[-0.39845,0.27395],[-0.40325,0.26675],[-0.40445,0.26255]]}},{"type":"Feature","properties":{},"geometry":{"type":"LineString","coordinates":[[0.30475,-0.41245],[0.30865,-0.41215],[0.31045,-0.41455],[0.31345,-0.41665],[0.31375,-0.41845],[0.31675,-0.42025],[0.31945,-0.41995],[0.32035,-0.42115],[0.32215,-0.42145],[0.32275,-0.42295]]}},{"type":"Feature","properties":{},"geometry":{"type":"LineString","coordinates":[[0.08125,-0.12595],[0.08155,-0.12595]]}},{"type":"Feature","properties":{},"geometry":{"type":"LineString","coordinates":[[-0.14345,0.66695],[-0.14315,0.66725]]}},{"type":"Feature","properties":{},"geometry":{"type":"LineString","coordinates":[[-0.14345,0.66695],[-0.14315,0.66665]]}},{"type":"Feature","properties":{},"geometry":{"type":"LineString","coordinates":[[-0.51515,0.51965],[-0.50915,0.52505],[-0.50705,0.52925],[-0.50375,0.53225],[-0.50375,0.53345],[-0.50285,0.53435],[-0.50225,0.53405],[-0.49715,0.53915],[-0.49535,0.53975],[-0.49295,0.54215],[-0.49265,0.54455],[-0.49055,0.54815]]}},{"type":"Feature","properties":{},"geometry":{"type":"LineString","coordinates":[[0.26455,-0.15865],[0.26455,-0.16045],[0.26365,-0.16135],[0.26425,-0.16225]]}},{"type":"Feature","properties":{},"geometry":{"type":"LineString","coordinates":[[-0.36605,0.09815],[-0.37115,0.10235],[-0.37415,0.10235],[-0.37505,0.10325],[-0.37685,0.10235],[-0.37895,0.10295],[-0.38015,0.10265],[-0.38285,0.09995],[-0.38525,0.09995],[-0.39365,0.09365],[-0.39485,0.09425],[-0.39635,0.09305],[-0.39905,0.09305],[-0.39995,0.09185],[-0.40505,0.09005],[-0.40775,0.09005],[-0.40895,0.08885],[-0.40985,0.08945],[-0.41135,0.08825]]}},{"type":"Feature","properties":{},"geometry":{"type":"LineString","coordinates":[[0.34765,-0.50515],[0.34735,-0.50485]]}},{"type":"Feature","properties":{},"geometry":{"type":"LineString","coordinates":[[0.34765,-0.50515],[0.34795,-0.50485]]}},{"type":"Feature","properties":{},"geometry":{"type":"LineString","coordinates":[[-0.06665,0.47255],[-0.06695,0.47285]]}},{"type":"Feature","properties":{},"geometry":{"type":"LineString","coordinates":[[-0.06665,0.47255],[-0.06605,0.47135],[-0.06815,0.46925],[-0.06935,0.46895]]}},{"type":"Feature","properties":{},"geometry":{"type":"LineString","coordinates":[[0.20905,0.27155],[0.20935,0.27185]]}},{"type":"Feature","properties":{},"geometry":{"type":"LineString","coordinates":[[0.06415,-0.09535],[0.06385,-0.09505]]}},{"type":"Feature","properties":{},"geometry":{"type":"LineString","coordinates":[[0.06415,-0.09535],[0.06445,-0.09505]]}},{"type":"Feature","properties":{},"geometry":{"type":"LineString","coordinates":[[0.06415,-0.09535],[0.06445,-0.09565]]}},{"type":"Feature","properties":{},"geometry":{"type":"LineString","coordinates":[[-0.14075,0.66935],[-0.14075,0.66905]]}},{"type":"Feature","properties":{},"geometry":{"type":"LineString","coordinates":[[-0.17705,0.29705],[-0.17375,0.29945],[-0.17045,0.29975],[-0.16685,0.30215],[-0.16355,0.30275],[-0.16085,0.30455],[-0.15725,0.30575],[-0.15185,0.30545],[-0.14765,0.30635],[-0.14675,0.30575],[-0.14555,0.30605],[-0.14405,0.30485],[-0.14255,0.30575],[-0.14195,0.30515],[-0.14045,0.30575],[-0.13955,0.30485],[-0.13835,0.30575],[-0.13745,0.30485],[-0.13355,0.30605],[-0.13175,0.30545],[-0.12605,0.30755],[-0.12425,0.30905],[-0.11885,0.31055],[-0.11255,0.31535],[-0.11015,0.31325],[-0.10685,0.31565],[-0.10565,0.31475],[-0.10475,0.31535]]}},{"type":"Feature","properties":{},"geometry":{"type":"LineString","coordinates":[[0.40285,-0.18055],[0.40225,-0.18055]]}},{"type":"Feature","properties":{},"geometry":{"type":"LineString","coordinates":[[0.40285,-0.18055],[0.40255,-0.18025]]}},{"type":"Feature","properties":{},"geometry":{"type":"LineString","coordinates":[[0.40285,-0.18055],[0.40315,-0.18025]]}},{"type":"Feature","properties":{},"geometry":{"type":"LineString","coordinates":[[0.11365,0.02915],[0.11605,0.03185],[0.11725,0.03515],[0.12415,0.03785],[0.12505,0.04055]]}},{"type":"Feature","properties":{},"geometry":{"type":"LineString","coordinates":[[0.11365,0.02915],[0.10765,0.02375],[0.10495,0.02405],[0.10345,0.02345]]}},{"type":"Feature","properties":{},"geometry":{"type":"LineString","coordinates":[[0.11365,0.02915],[0.11995,0.02315],[0.12295,0.02405],[0.12475,0.02255],[0.12565,0.02285],[0.13285,0.01505],[0.13555,0.01475],[0.14215,0.00875],[0.14635,0.01205],[0.14875,0.01205],[0.15235,0.01505],[0.15295,0.01445],[0.15715,0.01715],[0.16105,0.01775],[0.16225,0.01655],[0.16375,0.01685]]}},{"type":"Feature","properties":{},"geometry":{"type":"LineString","coordinates":[[0.19885,-0.36625],[0.19855,-0.36595]]}},{"type":"Feature","properties":{},"geometry":{"type":"LineString","coordinates":[[0.19885,-0.36625],[0.19915,-0.36655]]}},{"type":"Feature","properties":{},"geometry":{"type":"LineString","coordinates":[[-0.31505,0.39875],[-0.31535,0.39845]]}},{"type":"Feature","properties":{},"geometry":{"type":"LineString","coordinates":[[-0.31505,0.39875],[-0.31505,0.39845]]}},{"type":"Feature","properties":{},"geometry":{"type":"LineString","coordinates":[[-0.10865,0.05015],[-0.10865,0.04985]]}},{"type":"Feature","properties":{},"geometry":{"type":"LineString","coordinates":[[0.10405,-0.11815],[0.10375,-0.11785]]}},{"type":"Feature","properties":{},"geometry":{"type":"LineString","coordinates":[[0.10405,-0.11815],[0.10435,-0.11785]]}},{"type":"Feature","properties":{},"geometry":{"type":"LineString","coordinates":[[-0.26075,-0.01795],[-0.26705,-0.01195],[-0.26645,-0.01075],[-0.26885,-0.00835],[-0.26915,-0.00745],[-0.26855,-0.00685],[-0.27095,-0.00265],[-0.26885,-0.00025],[-0.27155,0.00245],[-0.27005,0.00455],[-0.27155,0.00755],[-0.27155,0.00995],[-0.27245,0.01085],[-0.26705,0.01625],[-0.26735,0.01715],[-0.28535,0.03575],[-0.28655,0.03905],[-0.28355,0.04385],[-0.28325,0.04595],[-0.28175,0.04745],[-0.28235,0.04865],[-0.28055,0.05255],[-0.28145,0.05345],[-0.28055,0.05465],[-0.28205,0.05735],[-0.29945,0.07505],[-0.29885,0.07655],[-0.30035,0.07805],[-0.30005,0.07925],[-0.29915,0.08015],[-0.29825,0.08345],[-0.29435,0.08735],[-0.29495,0.09065],[-0.29255,0.09365],[-0.29225,0.09455],[-0.29315,0.09575],[-0.29255,0.09665],[-0.31115,0.11525],[-0.31115,0.11645],[-0.31235,0.11765],[-0.31175,0.11855],[-0.31265,0.11945],[-0.31205,0.12005],[-0.31265,0.12065],[-0.31235,0.12245],[-0.30755,0.13025],[-0.30845,0.13265],[-0.30785,0.13475],[-0.30935,0.13655],[-0.30965,0.13925],[-0.31085,0.14075],[-0.29645,0.15515],[-0.29795,0.15755],[-0.29825,0.16175],[-0.29465,0.16625],[-0.29225,0.16475],[-0.28415,0.17045],[-0.28235,0.16865],[-0.27365,0.17555],[-0.26975,0.17405],[-0.26675,0.17495],[-0.26345,0.17705],[-0.25235,0.18785],[-0.25025,0.18815],[-0.24665,0.19175],[-0.24365,0.19295],[-0.23555,0.20195],[-0.22985,0.20675],[-0.23045,0.20735],[-0.22955,0.20855],[-0.23165,0.21245],[-0.23135,0.21785],[-0.22895,0.22265],[-0.22655,0.22535],[-0.22475,0.22385],[-0.22115,0.22355],[-0.21575,0.22805],[-0.21455,0.22805],[-0.21245,0.22985],[-0.20495,0.23315],[-0.20255,0.23645]]}},{"type":"Feature","properties":{},"geometry":{"type":"LineString","coordinates":[[0.10465,-0.27955],[0.11125,-0.27385],[0.11305,-0.27475],[0.11455,-0.27415],[0.11665,-0.27445],[0.11755,-0.27325],[0.11995,-0.27265],[0.12265,-0.26995],[0.12415,-0.27055],[0.12505,-0.26965],[0.12685,-0.26995],[0.12955,-0.26815],[0.13225,-0.26755],[0.13525,-0.26485],[0.13645,-0.26605],[0.13705,-0.26545],[0.13765,-0.26605],[0.14185,-0.26275],[0.14335,-0.26395],[0.14455,-0.26335],[0.14665,-0.26395],[0.14725,-0.26335],[0.14875,-0.26425],[0.15235,-0.26425],[0.16015,-0.26755],[0.16195,-0.26725],[0.16435,-0.26815],[0.17065,-0.26785],[0.17365,-0.26905],[0.17425,-0.26845],[0.17635,-0.26965],[0.17785,-0.26875],[0.17995,-0.27085],[0.17905,-0.27325],[0.18025,-0.27505],[0.18655,-0.28105],[0.19195,-0.28225],[0.19675,-0.28225],[0.19825,-0.28135],[0.20125,-0.28165],[0.20635,-0.28465],[0.20995,-0.28345],[0.21475,-0.28495],[0.21625,-0.28435],[0.21775,-0.28645],[0.21985,-0.28585],[0.22105,-0.28765],[0.22165,-0.28735],[0.22315,-0.28855],[0.22585,-0.28855]]}},{"type":"Feature","properties":{},"geometry":{"type":"LineString","coordinates":[[-0.40325,-0.57355],[-0.40985,-0.57355],[-0.41165,-0.57535],[-0.41525,-0.57595],[-0.41735,-0.57805],[-0.42185,-0.57925],[-0.42755,-0.58465],[-0.43205,-0.58735],[-0.43295,-0.58765],[-0.43355,-0.58705],[-0.43775,-0.58915],[-0.43895,-0.58825],[-0.44105,-0.58885],[-0.44195,-0.58825],[-0.44405,-0.58855],[-0.44675,-0.59065],[-0.44825,-0.59305],[-0.45125,-0.59365],[-0.45485,-0.59695],[-0.45425,-0.59785],[-0.45455,-0.59995]]}},{"type":"Feature","properties":{},"geometry":{"type":"LineString","coordinates":[[0.20185,-0.17635],[0.20215,-0.17605]]}},{"type":"Feature","properties":{},"geometry":{"type":"LineString","coordinates":[[0.20185,-0.17635],[0.20215,-0.17635]]}},{"type":"Feature","properties":{},"geometry":{"type":"LineString","coordinates":[[-0.06635,0.47345],[-0.06605,0.47375]]}},{"type":"Feature","properties":{},"geometry":{"type":"LineString","coordinates":[[-0.06635,0.47345],[-0.06665,0.47315]]}},{"type":"Feature","properties":{},"geometry":{"type":"LineString","coordinates":[[-0.07085,0.32645],[-0.07055,0.32645]]}},{"type":"Feature","properties":{},"geometry":{"type":"LineString","coordinates":[[0.00505,0.03125],[-0.00755,0.01865]]}},{"type":"Feature","properties":{},"geometry":{"type":"LineString","coordinates":[[0.20605,-0.01705],[0.20755,-0.02065],[0.20695,-0.02185],[0.20785,-0.02485]]}},{"type":"Feature","properties":{},"geometry":{"type":"LineString","coordinates":[[0.00295,0.08885],[0.00475,0.08495],[0.00415,0.08405],[0.00445,0.08225],[0.00235,0.07865],[-0.00095,0.07505],[-0.00395,0.07355],[-0.00485,0.07235],[-0.00455,0.07175],[-0.00605,0.06965],[-0.00545,0.06905],[-0.00635,0.06815],[-0.00605,0.06755],[-0.00815,0.06515],[-0.00695,0.06365],[-0.00815,0.06185],[-0.00815,0.05945],[-0.00875,0.05885],[-0.00785,0.05795],[-0.00875,0.05705],[-0.00845,0.05495],[-0.01475,0.04745],[-0.01265,0.04505],[-0.01175,0.04205],[-0.01235,0.04145],[-0.01085,0.03965],[-0.01145,0.03875],[-0.00875,0.03335],[-0.00935,0.03215],[-0.00365,0.02645],[-0.00755,0.02075],[-0.00785,0.01895]]}},{"type":"Feature","properties":{},"geometry":{"type":"LineString","coordinates":[[-0.31595,0.39815],[-0.31655,0.40085],[-0.31775,0.40205],[-0.31745,0.40265],[-0.31925,0.40565],[-0.31925,0.40745],[-0.31745,0.40925],[-0.31805,0.41045],[-0.31745,0.41135],[-0.31865,0.41435],[-0.32495,0.42065],[-0.32615,0.42335],[-0.32555,0.42425],[-0.33095,0.42905],[-0.33215,0.43295],[-0.33965,0.44045],[-0.34115,0.44255],[-0.34055,0.44465],[-0.34205,0.44645],[-0.34205,0.44825],[-0.34055,0.45125],[-0.33725,0.45365],[-0.33635,0.45305],[-0.33575,0.45485],[-0.33275,0.45875],[-0.33335,0.45935],[-0.33305,0.46205],[-0.33215,0.46355],[-0.33275,0.46415],[-0.33095,0.46805],[-0.32765,0.47015]]}},{"type":"Feature","properties":{},"geometry":{"type":"LineString","coordinates":[[-0.31595,0.39815],[-0.31535,0.39845]]}},{"type":"Feature","properties":{},"geometry":{"type":"LineString","coordinates":[[-0.31595,0.39815],[-0.31685,0.39695],[-0.31925,0.39605],[-0.32285,0.39785],[-0.32495,0.39635],[-0.32615,0.39695],[-0.32795,0.39575],[-0.32855,0.39635],[-0.33155,0.39635],[-0.33365,0.39755],[-0.33455,0.39665],[-0.34115,0.39725],[-0.34205,0.39815],[-0.34295,0.39785],[-0.34475,0.39875],[-0.34595,0.39995],[-0.34805,0.39845],[-0.34955,0.39905],[-0.35135,0.39725],[-0.35195,0.39785],[-0.35285,0.39755],[-0.35735,0.39335],[-0.35825,0.39095],[-0.36245,0.38675],[-0.36485,0.38675],[-0.36665,0.38795],[-0.37175,0.38315],[-0.37295,0.38285],[-0.37505,0.38405],[-0.37745,0.38435]]}},{"type":"Feature","properties":{},"geometry":{"type":"LineString","coordinates":[[-0.43325,-0.09115],[-0.43085,-0.08845],[-0.43115,-0.08665],[-0.43595,-0.08125],[-0.44075,-0.07915],[-0.44195,-0.07795],[-0.44405,-0.07765]]}},{"type":"Feature","properties":{},"geometry":{"type":"LineString","coordinates":[[0.09115,0.06035],[0.09115,0.06065]]}},{"type":"Feature","properties":{},"geometry":{"type":"LineString","coordinates":[[0.09115,0.06035],[0.09115,0.06005]]}},{"type":"Feature","properties":{},"geometry":{"type":"LineString","coordinates":[[0.10495,-0.11725],[0.10465,-0.11695]]}},{"type":"Feature","properties":{},"geometry":{"type":"LineString","coordinates":[[0.10495,-0.11725],[0.10525,-0.11695]]}},{"type":"Feature","properties":{},"geometry":{"type":"LineString","coordinates":[[-0.06545,0.47435],[-0.06515,0.47465]]}},{"type":"Feature","properties":{},"geometry":{"type":"LineString","coordinates":[[-0.06545,0.47435],[-0.06515,0.47405]]}},{"type":"Feature","properties":{},"geometry":{"type":"LineString","coordinates":[[-0.10175,-0.02575],[-0.10355,-0.02755],[-0.10445,-0.02725],[-0.10595,-0.02845],[-0.10805,-0.02635],[-0.10925,-0.02605],[-0.11285,-0.02785],[-0.11525,-0.02995],[-0.11825,-0.02815],[-0.12425,-0.03265],[-0.12485,-0.03235],[-0.12905,-0.03655],[-0.13115,-0.03625],[-0.13295,-0.03775],[-0.13385,-0.03745],[-0.13625,-0.03955],[-0.13835,-0.03985],[-0.13955,-0.03895],[-0.14315,-0.04255],[-0.14435,-0.04165],[-0.14465,-0.04405],[-0.14585,-0.04555],[-0.14945,-0.04795],[-0.15005,-0.04735],[-0.15185,-0.04795],[-0.15485,-0.05095],[-0.15515,-0.05365],[-0.15815,-0.05725],[-0.15815,-0.05845],[-0.16415,-0.06445]]}},{"type":"Feature","properties":{},"geometry":{"type":"LineString","coordinates":[[0.09025,0.06125],[0.09055,0.06065]]}},{"type":"Feature","properties":{},"geometry":{"type":"LineString","coordinates":[[0.09025,0.06125],[0.08185,0.06905],[0.08035,0.06875],[0.07855,0.07025],[0.07795,0.06995]]}},{"type":"Feature","properties":{},"geometry":{"type":"LineString","coordinates":[[0.09025,0.06125],[0.09055,0.06155]]}},{"type":"Feature","properties":{},"geometry":{"type":"LineString","coordinates":[[-0.02465,-0.03265],[-0.02435,-0.03265]]}},{"type":"Feature","properties":{},"geometry":{"type":"LineString","coordinates":[[-0.02465,-0.03265],[-0.02435,-0.03295]]}},{"type":"Feature","properties":{},"geometry":{"type":"LineString","coordinates":[[0.10375,-0.11785],[0.10405,-0.11755]]}},{"type":"Feature","properties":{},"geometry":{"type":"LineString","coordinates":[[0.10375,-0.11785],[0.10345,-0.11815]]}},{"type":"Feature","properties":{},"geometry":{"type":"LineString","coordinates":[[-0.32195,0.51935],[-0.32825,0.52565],[-0.33155,0.52625],[-0.33455,0.52505],[-0.33815,0.52715],[-0.34085,0.53045],[-0.34085,0.53135],[-0.34235,0.53195],[-0.34565,0.53525],[-0.35015,0.53645],[-0.35135,0.53585],[-0.35405,0.53795],[-0.35645,0.53765],[-0.35915,0.53885],[-0.36035,0.53765],[-0.36095,0.53825],[-0.36245,0.53765],[-0.36665,0.54005],[-0.37355,0.54545],[-0.37535,0.54485],[-0.37685,0.54335],[-0.37745,0.54395],[-0.37835,0.54365],[-0.38285,0.54005],[-0.38435,0.53975],[-0.38975,0.53435],[-0.39155,0.53375],[-0.39785,0.52745],[-0.40085,0.52595],[-0.40235,0.52415],[-0.40505,0.52385],[-0.40625,0.52265],[-0.41075,0.52265],[-0.41285,0.52055],[-0.41345,0.51905],[-0.41285,0.51635],[-0.41375,0.51335],[-0.41255,0.51155],[-0.41345,0.51035],[-0.41255,0.50915],[-0.41195,0.50495],[-0.41345,0.50345]]}},{"type":"Feature","properties":{},"geometry":{"type":"LineString","coordinates":[[-0.32195,0.51935],[-0.31985,0.51635],[-0.31985,0.51455],[-0.31835,0.51305],[-0.32105,0.50795],[-0.33035,0.49835],[-0.32945,0.49745],[-0.32945,0.49505],[-0.32795,0.49235],[-0.32945,0.48935],[-0.32885,0.48875],[-0.32885,0.48605],[-0.32765,0.48485],[-0.32915,0.48215],[-0.32765,0.48065],[-0.32795,0.47975],[-0.32705,0.47795],[-0.32765,0.47735],[-0.32675,0.47465],[-0.32765,0.47285],[-0.32735,0.47045]]}},{"type":"Feature","properties":{},"geometry":{"type":"LineString","coordinates":[[0.15325,-0.34405],[0.15175,-0.34435],[0.15085,-0.34345]]}},{"type":"Feature","properties":{},"geometry":{"type":"LineString","coordinates":[[0.15325,-0.34405],[0.15325,-0.34435]]}},{"type":"Feature","properties":{},"geometry":{"type":"LineString","coordinates":[[0.15325,-0.34405],[0.15355,-0.34435]]}},{"type":"Feature","properties":{},"geometry":{"type":"LineString","coordinates":[[0.05845,0.37595],[0.05935,0.37505],[0.05875,0.37385],[0.06085,0.37205],[0.06085,0.37085],[0.06265,0.36965],[0.06205,0.36875],[0.06265,0.36665],[0.05845,0.36215],[0.05845,0.36035],[0.05275,0.35465]]}},{"type":"Feature","properties":{},"geometry":{"type":"LineString","coordinates":[[0.27895,0.19205],[0.28315,0.19565],[0.28315,0.19655],[0.27925,0.20045],[0.27925,0.20195],[0.28045,0.20345]]}},{"type":"Feature","properties":{},"geometry":{"type":"LineString","coordinates":[[0.44425,-0.05485],[0.44155,-0.05725],[0.44065,-0.05695],[0.43795,-0.05965],[0.43645,-0.05905],[0.43465,-0.06055],[0.43015,-0.05695],[0.42805,-0.05665],[0.42745,-0.05725],[0.42565,-0.05575],[0.42145,-0.05605],[0.41875,-0.05695],[0.41545,-0.05935],[0.41485,-0.05905],[0.41125,-0.06265],[0.40435,-0.06775],[0.40045,-0.06625],[0.39745,-0.06835],[0.39385,-0.06895],[0.39265,-0.06985],[0.39115,-0.06955],[0.38815,-0.07045],[0.38605,-0.06925],[0.38335,-0.06925],[0.38095,-0.06805],[0.37975,-0.06865],[0.37585,-0.06835],[0.37405,-0.06985],[0.36565,-0.06565]]}},{"type":"Feature","properties":{},"geometry":{"type":"LineString","coordinates":[[0.44425,-0.05485],[0.43945,-0.05125],[0.43675,-0.05335],[0.43585,-0.05275],[0.43375,-0.05335]]}},{"type":"Feature","properties":{},"geometry":{"type":"LineString","coordinates":[[0.44425,-0.05485],[0.44725,-0.05455],[0.45145,-0.05815],[0.45415,-0.05635],[0.45535,-0.05665],[0.45595,-0.05605],[0.45715,-0.05725],[0.45835,-0.05695],[0.46135,-0.05875],[0.46195,-0.05815],[0.46255,-0.05875],[0.46345,-0.05815],[0.46585,-0.05845],[0.47005,-0.06205],[0.47185,-0.06085],[0.47365,-0.06085],[0.47845,-0.05635],[0.48205,-0.05665],[0.48415,-0.05605],[0.48985,-0.05305],[0.49315,-0.05605],[0.49645,-0.05695],[0.49855,-0.05665],[0.49915,-0.05725],[0.49975,-0.05665],[0.50185,-0.05845],[0.50275,-0.05785],[0.50485,-0.05875],[0.50605,-0.05725],[0.50965,-0.05845],[0.51085,-0.05755],[0.52255,-0.06625],[0.52405,-0.06565],[0.52645,-0.06655],[0.52765,-0.06805],[0.52825,-0.06745]]}},{"type":"Feature","properties":{},"geometry":{"type":"LineString","coordinates":[[0.10885,-0.11335],[0.10915,-0.11305]]}},{"type":"Feature","properties":{},"geometry":{"type":"LineString","coordinates":[[0.10885,-0.11335],[0.10855,-0.11365]]}},{"type":"Feature","properties":{},"geometry":{"type":"LineString","coordinates":[[0.04285,-0.15745],[0.04315,-0.15715]]}},{"type":"Feature","properties":{},"geometry":{"type":"LineString","coordinates":[[0.24835,-0.15775],[0.24835,-0.15805]]}},{"type":"Feature","properties":{},"geometry":{"type":"LineString","coordinates":[[0.24835,-0.15775],[0.24865,-0.15805]]}},{"type":"Feature","properties":{},"geometry":{"type":"LineString","coordinates":[[-0.37805,0.41465],[-0.37745,0.41405],[-0.37925,0.41165],[-0.37865,0.41015],[-0.38165,0.40715],[-0.38135,0.40655],[-0.38645,0.40175],[-0.38705,0.39935],[-0.38585,0.39815],[-0.38645,0.39695],[-0.38135,0.39155],[-0.38045,0.39005],[-0.38075,0.38945],[-0.37775,0.38615],[-0.37775,0.38465]]}},{"type":"Feature","properties":{},"geometry":{"type":"LineString","coordinates":[[0.19975,-0.36745],[0.19975,-0.36715]]}},{"type":"Feature","properties":{},"geometry":{"type":"LineString","coordinates":[[0.19975,-0.36745],[0.21025,-0.37525],[0.21145,-0.37525],[0.21445,-0.37735],[0.21955,-0.37915],[0.22045,-0.38035],[0.22405,-0.37915],[0.22735,-0.38005],[0.22915,-0.37975],[0.23035,-0.38095],[0.23215,-0.38125],[0.23515,-0.38095],[0.23725,-0.37945],[0.23845,-0.37945],[0.24115,-0.38035],[0.24295,-0.37975],[0.24445,-0.38095],[0.24655,-0.38125],[0.25195,-0.37735]]}},{"type":"Feature","properties":{},"geometry":{"type":"LineString","coordinates":[[0.10465,-0.11695],[0.10495,-0.11665]]}},{"type":"Feature","properties":{},"geometry":{"type":"LineString","coordinates":[[0.10465,-0.11695],[0.10435,-0.11725]]}},{"type":"Feature","properties":{},"geometry":{"type":"LineString","coordinates":[[0.31465,-0.50035],[0.31795,-0.50065],[0.32065,-0.50335],[0.32335,-0.50425],[0.32575,-0.50275],[0.32635,-0.50335],[0.33025,-0.50275],[0.33385,-0.50455],[0.33535,-0.50425],[0.33655,-0.50485],[0.34105,-0.50305],[0.34405,-0.50515],[0.34705,-0.50515]]}},{"type":"Feature","properties":{},"geometry":{"type":"LineString","coordinates":[[0.44695,-0.15835],[0.44635,-0.15985],[0.44695,-0.16045],[0.44695,-0.16315],[0.45055,-0.16705],[0.44995,-0.16945],[0.45205,-0.17155],[0.45235,-0.17275],[0.45175,-0.17365],[0.45445,-0.17755],[0.46645,-0.18895],[0.46795,-0.18895],[0.47335,-0.19525],[0.47845,-0.19825],[0.47935,-0.19765],[0.48025,-0.19855],[0.48415,-0.19885],[0.48745,-0.20185]]}},{"type":"Feature","properties":{},"geometry":{"type":"LineString","coordinates":[[-0.40445,0.26255],[-0.39395,0.25205],[-0.39185,0.25355],[-0.39125,0.25295]]}},{"type":"Feature","properties":{},"geometry":{"type":"LineString","coordinates":[[-0.40445,0.26255],[-0.40505,0.26195]]}},{"type":"Feature","properties":{},"geometry":{"type":"LineString","coordinates":[[0.09055,0.06065],[0.09085,0.06095]]}},{"type":"Feature","properties":{},"geometry":{"type":"LineString","coordinates":[[-0.16205,0.44435],[-0.16355,0.44645],[-0.16265,0.44885],[-0.16445,0.45125],[-0.16415,0.45275],[-0.16505,0.45365],[-0.16445,0.45575],[-0.16535,0.45785],[-0.16505,0.46295],[-0.16355,0.46625],[-0.16985,0.47525],[-0.17105,0.47495],[-0.17615,0.47795],[-0.17735,0.47735],[-0.18155,0.48095],[-0.18155,0.48215],[-0.18305,0.48365],[-0.18395,0.48305],[-0.18545,0.48335],[-0.18875,0.48605],[-0.19145,0.48545],[-0.19235,0.48605],[-0.19385,0.48515],[-0.19475,0.48605],[-0.19655,0.48575],[-0.19775,0.48725],[-0.20135,0.48665],[-0.20885,0.48905],[-0.21365,0.48905],[-0.21635,0.49085],[-0.21785,0.49085],[-0.22235,0.49385],[-0.22535,0.49415],[-0.22685,0.49325],[-0.23255,0.49295],[-0.23645,0.49055],[-0.23705,0.49115],[-0.23765,0.49055],[-0.24635,0.49025],[-0.24725,0.49115],[-0.24875,0.48995],[-0.25205,0.48995],[-0.25265,0.48935],[-0.25955,0.49025],[-0.26075,0.48965],[-0.26405,0.49085],[-0.26495,0.48995],[-0.26645,0.49025],[-0.26735,0.48935],[-0.26915,0.48905],[-0.27185,0.48935],[-0.27425,0.48845],[-0.27575,0.48905],[-0.27965,0.48755],[-0.28475,0.48425],[-0.28595,0.48485],[-0.28745,0.48395],[-0.29285,0.48485],[-0.29825,0.48995],[-0.31925,0.46895],[-0.32075,0.46865],[-0.32195,0.46955],[-0.32405,0.46775],[-0.32735,0.47015]]}},{"type":"Feature","properties":{},"geometry":{"type":"LineString","coordinates":[[-0.22025,0.01205],[-0.21815,0.01415],[-0.21815,0.01655],[-0.21635,0.01925],[-0.21845,0.02285],[-0.21365,0.02885],[-0.21335,0.02975],[-0.21395,0.03035],[-0.21155,0.03335],[-0.21215,0.03425],[-0.21125,0.03515],[-0.21185,0.03575],[-0.20435,0.04295],[-0.20285,0.04325],[-0.20165,0.04265],[-0.19895,0.04385],[-0.19475,0.04385],[-0.19085,0.04745],[-0.18935,0.05015],[-0.19055,0.05195],[-0.19085,0.05405],[-0.18905,0.05585],[-0.19025,0.05705],[-0.18695,0.06095],[-0.18695,0.06305]]}},{"type":"Feature","properties":{},"geometry":{"type":"LineString","coordinates":[[0.20785,-0.02485],[0.20785,-0.02515]]}},{"type":"Feature","properties":{},"geometry":{"type":"LineString","coordinates":[[0.20785,-0.02485],[0.20815,-0.02515]]}},{"type":"Feature","properties":{},"geometry":{"type":"LineString","coordinates":[[0.10315,0.02345],[0.10315,0.02375]]}},{"type":"Feature","properties":{},"geometry":{"type":"LineString","coordinates":[[0.10315,0.02345],[0.10345,0.02345]]}},{"type":"Feature","properties":{},"geometry":{"type":"LineString","coordinates":[[-0.36785,0.36305],[-0.36845,0.36245],[-0.37445,0.36845],[-0.37565,0.36905],[-0.37625,0.36845],[-0.37805,0.36995],[-0.37955,0.36935],[-0.38465,0.37625]]}},{"type":"Feature","properties":{},"geometry":{"type":"LineString","coordinates":[[0.29035,-0.35185],[0.28975,-0.35185]]}},{"type":"Feature","properties":{},"geometry":{"type":"LineString","coordinates":[[0.29035,-0.35185],[0.29155,-0.35275],[0.29515,-0.35335],[0.29785,-0.35515],[0.29845,-0.35455],[0.30145,-0.35725],[0.30265,-0.35665],[0.30445,-0.35815],[0.30745,-0.35905],[0.30835,-0.35845],[0.31105,-0.35965],[0.31465,-0.35935],[0.32365,-0.36805],[0.32275,-0.37615],[0.32335,-0.37885],[0.32545,-0.38125],[0.32725,-0.38215],[0.32635,-0.38725],[0.32695,-0.38905],[0.32575,-0.39085],[0.32665,-0.39445],[0.32575,-0.39625],[0.32635,-0.39685],[0.32605,-0.39805],[0.32815,-0.40135],[0.32785,-0.40375],[0.32905,-0.40585],[0.32845,-0.40825],[0.32935,-0.40915],[0.32905,-0.41005],[0.32995,-0.41185],[0.32845,-0.41725],[0.32275,-0.42295]]}},{"type":"Feature","properties":{},"geometry":{"type":"LineString","coordinates":[[0.19735,-0.36535],[0.19705,-0.36505]]}},{"type":"Feature","properties":{},"geometry":{"type":"LineString","coordinates":[[0.19735,-0.36535],[0.19765,-0.36505]]}},{"type":"Feature","properties":{},"geometry":{"type":"LineString","coordinates":[[0.19735,-0.36535],[0.19765,-0.36565]]}},{"type":"Feature","properties":{},"geometry":{"type":"LineString","coordinates":[[0.28045,0.20375],[0.28045,0.20345]]}},{"type":"Feature","properties":{},"geometry":{"type":"LineString","coordinates":[[0.28045,0.20375],[0.28075,0.20345]]}},{"type":"Feature","properties":{},"geometry":{"type":"LineString","coordinates":[[0.26635,0.22325],[0.26755,0.22325],[0.26875,0.22655],[0.26845,0.22745],[0.26965,0.22835],[0.26965,0.22985],[0.27085,0.23105],[0.27085,0.23345],[0.27235,0.23495],[0.27205,0.23585],[0.27325,0.23885],[0.27535,0.24125],[0.27535,0.24395],[0.27835,0.24965],[0.28285,0.25475],[0.28405,0.25505],[0.28705,0.25775],[0.28825,0.25775],[0.28975,0.25985],[0.28945,0.26075],[0.29095,0.26435],[0.29335,0.26615],[0.29425,0.26585]]}},{"type":"Feature","properties":{},"geometry":{"type":"LineString","coordinates":[[0.09115,0.06005],[0.09415,0.05645],[0.09265,0.05285],[0.09355,0.05045],[0.09235,0.04895],[0.09385,0.04625],[0.09355,0.04475],[0.09685,0.04055],[0.09655,0.03905],[0.09955,0.03485],[0.09895,0.03395],[0.10075,0.03215],[0.10015,0.02885],[0.10255,0.02615],[0.10315,0.02375]]}},{"type":"Feature","properties":{},"geometry":{"type":"LineString","coordinates":[[-0.47225,0.28775],[-0.46085,0.29885],[-0.45815,0.30035],[-0.45755,0.30005],[-0.45485,0.30245],[-0.45335,0.30215],[-0.45245,0.30275],[-0.45185,0.30215],[-0.45125,0.30275],[-0.45215,0.30365],[-0.45275,0.30845],[-0.45455,0.31055],[-0.45395,0.31145],[-0.45545,0.31385],[-0.45425,0.31535],[-0.45395,0.31715],[-0.45455,0.31805],[-0.45125,0.32195],[-0.45155,0.32255],[-0.45035,0.32405],[-0.44405,0.32885],[-0.44315,0.32885],[-0.43835,0.33335],[-0.43385,0.33605],[-0.42935,0.33755],[-0.42515,0.34055],[-0.42335,0.34055],[-0.41855,0.34325],[-0.41615,0.34565],[-0.41585,0.34715],[-0.41285,0.34955],[-0.40775,0.35705],[-0.40625,0.35825],[-0.40475,0.35795],[-0.40235,0.36005],[-0.40085,0.36035],[-0.39965,0.36245],[-0.39725,0.36455],[-0.39605,0.36875],[-0.39455,0.37055],[-0.39215,0.37145],[-0.38855,0.37415],[-0.38735,0.37415],[-0.38465,0.37625]]}},{"type":"Feature","properties":{},"geometry":{"type":"LineString","coordinates":[[0.06385,-0.09445],[0.06415,-0.09475]]}},{"type":"Feature","properties":{},"geometry":{"type":"LineString","coordinates":[[0.15325,-0.34435],[0.15355,-0.34435]]}},{"type":"Feature","properties":{},"geometry":{"type":"LineString","coordinates":[[0.15325,-0.34435],[0.15205,-0.34585],[0.15295,-0.34735],[0.15265,-0.34915],[0.15085,-0.35155],[0.15115,-0.35395],[0.14785,-0.35755],[0.14785,-0.35935],[0.14635,-0.36085],[0.14665,-0.36175],[0.14365,-0.36475]]}},{"type":"Feature","properties":{},"geometry":{"type":"LineString","coordinates":[[0.13945,-0.17335],[0.14065,-0.17215],[0.14155,-0.17275],[0.14275,-0.17185],[0.14365,-0.17215],[0.14605,-0.16975],[0.15115,-0.16915],[0.15295,-0.17035],[0.15625,-0.17065],[0.15775,-0.17185],[0.15865,-0.17155],[0.15985,-0.17275],[0.16075,-0.17245],[0.17005,-0.18175],[0.17335,-0.18055],[0.17575,-0.18085],[0.18055,-0.17815],[0.18445,-0.17755],[0.18535,-0.17665],[0.18655,-0.17725],[0.18955,-0.17575],[0.19315,-0.17725],[0.19375,-0.17695],[0.19585,-0.17845]]}},{"type":"Feature","properties":{},"geometry":{"type":"LineString","coordinates":[[0.13945,-0.17335],[0.13675,-0.17185],[0.13495,-0.17185],[0.12955,-0.16765],[0.12835,-0.16825],[0.12715,-0.16705],[0.12655,-0.16765],[0.12415,-0.16615],[0.12325,-0.16615],[0.12055,-0.16885],[0.11935,-0.16855],[0.11845,-0.16915],[0.11575,-0.16735],[0.11455,-0.16825],[0.11365,-0.16735],[0.10975,-0.16705],[0.10705,-0.16825],[0.10525,-0.17005],[0.10315,-0.17065],[0.10045,-0.16885],[0.09115,-0.15955],[0.08995,-0.15745],[0.08905,-0.15805],[0.08605,-0.15685],[0.08515,-0.15745],[0.08095,-0.15505],[0.08035,-0.15565],[0.07855,-0.15385],[0.07795,-0.15415],[0.07645,-0.15295],[0.07435,-0.15325],[0.07045,-0.14995],[0.06985,-0.15055],[0.06865,-0.15025],[0.06355,-0.14635],[0.06145,-0.14725],[0.05935,-0.14575],[0.05815,-0.14695],[0.05695,-0.14695],[0.04825,-0.15535],[0.04645,-0.15595],[0.04495,-0.15745],[0.04315,-0.15715]]}},{"type":"Feature","properties":{},"geometry":{"type":"LineString","coordinates":[[0.13945,-0.17335],[0.13915,-0.17665],[0.13975,-0.17755],[0.13855,-0.17965],[0.14005,-0.18115],[0.13945,-0.18205],[0.13975,-0.18385],[0.14215,-0.18655],[0.14155,-0.18715],[0.14275,-0.18865],[0.14395,-0.19255]]}},{"type":"Feature","properties":{},"geometry":{"type":"LineString","coordinates":[[-0.33875,-0.01825],[-0.33275,-0.01135],[-0.33125,-0.01135],[-0.32915,-0.00925],[-0.32615,-0.01075],[-0.32195,-0.00685],[-0.31985,-0.00325],[-0.31715,-0.00055]]}},{"type":"Feature","properties":{},"geometry":{"type":"LineString","coordinates":[[-0.14315,0.66725],[-0.14285,0.66695]]}},{"type":"Feature","properties":{},"geometry":{"type":"LineString","coordinates":[[-0.10415,0.31595],[-0.10385,0.31595]]}},{"type":"Feature","properties":{},"geometry":{"type":"LineString","coordinates":[[-0.10415,0.31595],[-0.10385,0.31565]]}},{"type":"Feature","properties":{},"geometry":{"type":"LineString","coordinates":[[0.17305,0.21815],[0.17395,0.21935],[0.17305,0.22115],[0.17485,0.22235],[0.17425,0.22505]]}},{"type":"Feature","properties":{},"geometry":{"type":"LineString","coordinates":[[0.02425,-0.20995],[0.02755,-0.20635],[0.02725,-0.20455],[0.02905,-0.20275],[0.02905,-0.20185],[0.03445,-0.19675],[0.03475,-0.19585],[0.03385,-0.19495],[0.03385,-0.19375],[0.03595,-0.19045],[0.03805,-0.18235],[0.03925,-0.18115],[0.04015,-0.17605],[0.03955,-0.17425],[0.04165,-0.17245],[0.04195,-0.17125],[0.04195,-0.16855],[0.04255,-0.16795],[0.04195,-0.16615],[0.04045,-0.16465],[0.04165,-0.16285],[0.04075,-0.16105],[0.04135,-0.15925],[0.04075,-0.15865],[0.04225,-0.15745]]}},{"type":"Feature","properties":{},"geometry":{"type":"LineString","coordinates":[[-0.29075,-0.71365],[-0.29225,-0.71275],[-0.29345,-0.71305],[-0.29555,-0.71155],[-0.29735,-0.71215],[-0.29885,-0.71155]]}},{"type":"Feature","properties":{},"geometry":{"type":"LineString","coordinates":[[-0.06455,0.47495],[-0.06425,0.47495]]}},{"type":"Feature","properties":{},"geometry":{"type":"LineString","coordinates":[[0.32275,-0.42295],[0.32425,-0.42565],[0.32365,-0.42805],[0.32485,-0.42925],[0.32455,-0.43045],[0.32905,-0.43405],[0.33175,-0.43495],[0.33535,-0.43225],[0.33745,-0.43375],[0.33895,-0.43345],[0.34075,-0.43465],[0.34345,-0.43345],[0.34675,-0.43435],[0.35065,-0.43705],[0.35185,-0.43645],[0.35365,-0.43705],[0.35545,-0.43855],[0.35635,-0.43825],[0.35695,-0.43885],[0.35755,-0.43825],[0.35905,-0.43945],[0.36175,-0.43915],[0.36355,-0.44155],[0.36325,-0.44365],[0.36565,-0.44635]]}},{"type":"Feature","properties":{},"geometry":{"type":"LineString","coordinates":[[0.20935,0.27185],[0.21325,0.26795],[0.21505,0.26285],[0.21745,0.26075],[0.21775,0.25835],[0.22105,0.25535],[0.21655,0.25115],[0.21625,0.24965],[0.21685,0.24875],[0.21535,0.24755],[0.21445,0.24815],[0.21295,0.24665],[0.21175,0.24425],[0.21175,0.24245],[0.20935,0.24005],[0.20785,0.23975],[0.20695,0.24065],[0.20455,0.23825],[0.20485,0.23765],[0.20185,0.23435],[0.20365,0.23225],[0.20275,0.23015],[0.20065,0.22835],[0.20005,0.22655],[0.19705,0.22325],[0.19675,0.22235],[0.19795,0.22115],[0.19705,0.21875],[0.19795,0.21785],[0.19525,0.21425],[0.19615,0.21335],[0.19525,0.21245],[0.19615,0.21155],[0.19645,0.20975],[0.19645,0.20735],[0.19525,0.20555],[0.19525,0.20405],[0.19675,0.20255],[0.19585,0.20165],[0.19615,0.20045],[0.19945,0.19685]]}},{"type":"Feature","properties":{},"geometry":{"type":"LineString","coordinates":[[0.10345,-0.11875],[0.10315,-0.11845]]}},{"type":"Feature","properties":{},"geometry":{"type":"LineString","coordinates":[[-0.25985,-0.59545],[-0.26465,-0.59455],[-0.26825,-0.59815],[-0.27095,-0.59875],[-0.27905,-0.60355],[-0.27965,-0.60295],[-0.28235,-0.60325],[-0.28385,-0.60445],[-0.28475,-0.60415],[-0.28805,-0.60565],[-0.29015,-0.60565],[-0.29135,-0.60685],[-0.29315,-0.60595],[-0.29495,-0.60625],[-0.29615,-0.60535],[-0.30305,-0.61045],[-0.30365,-0.60985],[-0.30485,-0.61075],[-0.30725,-0.61045],[-0.30815,-0.61105],[-0.31385,-0.60895],[-0.31595,-0.60955]]}},{"type":"Feature","properties":{},"geometry":{"type":"LineString","coordinates":[[0.25735,0.46355],[0.25795,0.46385]]}},{"type":"Feature","properties":{},"geometry":{"type":"LineString","coordinates":[[0.25735,0.46355],[0.25705,0.46325]]}},{"type":"Feature","properties":{},"geometry":{"type":"LineString","coordinates":[[0.34735,-0.50485],[0.34765,-0.50455]]}},{"type":"Feature","properties":{},"geometry":{"type":"LineString","coordinates":[[0.34735,-0.50485],[0.34705,-0.50515]]}},{"type":"Feature","properties":{},"geometry":{"type":"LineString","coordinates":[[0.19705,-0.36505],[0.19645,-0.36445]]}},{"type":"Feature","properties":{},"geometry":{"type":"LineString","coordinates":[[0.19705,-0.36505],[0.19735,-0.36475]]}},{"type":"Feature","properties":{},"geometry":{"type":"LineString","coordinates":[[-0.30845,0.40565],[-0.30845,0.40535]]}},{"type":"Feature","properties":{},"geometry":{"type":"LineString","coordinates":[[-0.30845,0.40565],[-0.30815,0.40535]]}},{"type":"Feature","properties":{},"geometry":{"type":"LineString","coordinates":[[0.24835,-0.15805],[0.24655,-0.15955],[0.24595,-0.15895],[0.24115,-0.16015],[0.23725,-0.16315],[0.23545,-0.16255],[0.23185,-0.16525],[0.22915,-0.16465],[0.22735,-0.16555],[0.22405,-0.16555],[0.22255,-0.16495],[0.22075,-0.16585],[0.21985,-0.16465],[0.21625,-0.16465],[0.20905,-0.17215],[0.20845,-0.17185],[0.20245,-0.17635]]}},{"type":"Feature","properties":{},"geometry":{"type":"LineString","coordinates":[[0.24835,-0.15805],[0.24865,-0.15805]]}},{"type":"Feature","properties":{},"geometry":{"type":"LineString","coordinates":[[0.06385,-0.09505],[0.06415,-0.09475]]}},{"type":"Feature","properties":{},"geometry":{"type":"LineString","coordinates":[[0.06685,0.02015],[0.06715,0.02015]]}},{"type":"Feature","properties":{},"geometry":{"type":"LineString","coordinates":[[0.19945,-0.36685],[0.19915,-0.36655]]}},{"type":"Feature","properties":{},"geometry":{"type":"LineString","coordinates":[[0.19945,-0.36685],[0.19975,-0.36715]]}},{"type":"Feature","properties":{},"geometry":{"type":"LineString","coordinates":[[0.34135,0.15935],[0.34075,0.15935]]}},{"type":"Feature","properties":{},"geometry":{"type":"LineString","coordinates":[[0.34135,0.15935],[0.34105,0.15905]]}},{"type":"Feature","properties":{},"geometry":{"type":"LineString","coordinates":[[0.22045,-0.06595],[0.22345,-0.06445],[0.22345,-0.06325],[0.22495,-0.06085],[0.22615,-0.06055],[0.23005,-0.05665],[0.23035,-0.05515],[0.23545,-0.04975],[0.23695,-0.04945],[0.23815,-0.05065],[0.23905,-0.05005],[0.23995,-0.05095],[0.24715,-0.04435],[0.25105,-0.04585],[0.25465,-0.04375],[0.25645,-0.04525]]}},{"type":"Feature","properties":{},"geometry":{"type":"LineString","coordinates":[[0.22045,-0.06595],[0.22015,-0.06625]]}},{"type":"Feature","properties":{},"geometry":{"type":"LineString","coordinates":[[0.12175,0.31115],[0.12145,0.31145]]}},{"type":"Feature","properties":{},"geometry":{"type":"LineString","coordinates":[[0.12175,0.31115],[0.12175,0.31145]]}},{"type":"Feature","properties":{},"geometry":{"type":"LineString","coordinates":[[0.12175,0.31115],[0.12055,0.30935],[0.12085,0.30785],[0.11965,0.30665],[0.12145,0.30515],[0.12145,0.30185],[0.11695,0.29675],[0.11215,0.29375],[0.11245,0.29315],[0.11035,0.29105],[0.11035,0.29015],[0.10195,0.28145],[0.10165,0.28085],[0.10255,0.27995],[0.09835,0.27575],[0.09985,0.27245],[0.10315,0.26915],[0.10255,0.26855],[0.10405,0.26615],[0.09505,0.25685],[0.09385,0.25385],[0.09175,0.25115],[0.09205,0.25055],[0.09055,0.24935],[0.09115,0.24845],[0.09085,0.24725],[0.09175,0.24635],[0.08995,0.24395],[0.09085,0.24245],[0.08875,0.24065],[0.09025,0.23495],[0.08455,0.23105],[0.08395,0.22865],[0.07615,0.21905],[0.07135,0.21545],[0.06985,0.21545],[0.06715,0.21365],[0.06325,0.20945],[0.06385,0.20855],[0.06085,0.20555],[0.05875,0.20195],[0.05875,0.19955],[0.05575,0.19355],[0.05545,0.19085]]}},{"type":"Feature","properties":{},"geometry":{"type":"LineString","coordinates":[[-0.03635,-0.11755],[-0.04085,-0.11365],[-0.04235,-0.11395],[-0.04415,-0.11215],[-0.04445,-0.11065],[-0.04865,-0.10645],[-0.04925,-0.10705],[-0.05045,-0.10585],[-0.05375,-0.10525],[-0.05585,-0.10345],[-0.05615,-0.10225],[-0.05435,-0.10045],[-0.05435,-0.09895],[-0.05285,-0.09715],[-0.05225,-0.09505],[-0.05285,-0.09055],[-0.05015,-0.08605],[-0.05165,-0.08305],[-0.05075,-0.07975],[-0.03845,-0.06385],[-0.03785,-0.06235],[-0.03845,-0.06055],[-0.03455,-0.05635],[-0.03215,-0.05305],[-0.03245,-0.05245],[-0.03065,-0.05065],[-0.03065,-0.04885],[-0.02915,-0.04705],[-0.02915,-0.04345],[-0.02765,-0.04165],[-0.02705,-0.03955],[-0.02495,-0.03745],[-0.02555,-0.03595],[-0.02405,-0.03445],[-0.02435,-0.03295]]}},{"type":"Feature","properties":{},"geometry":{"type":"LineString","coordinates":[[-0.03635,-0.11755],[-0.03605,-0.11725]]}},{"type":"Feature","properties":{},"geometry":{"type":"LineString","coordinates":[[-0.03635,-0.11755],[-0.03605,-0.11785]]}},{"type":"Feature","properties":{},"geometry":{"type":"LineString","coordinates":[[0.40255,-0.18025],[0.40315,-0.18025]]}},{"type":"Feature","properties":{},"geometry":{"type":"LineString","coordinates":[[0.40255,-0.18025],[0.40225,-0.18055]]}},{"type":"Feature","properties":{},"geometry":{"type":"LineString","coordinates":[[0.00445,0.33215],[0.00535,0.33365],[0.00475,0.33635],[-0.00035,0.34175],[-0.00125,0.34325],[-0.00095,0.34445],[-0.00215,0.34685],[-0.00185,0.34745],[-0.00275,0.34835],[-0.00035,0.35165],[-0.00035,0.35315],[0.00295,0.35615]]}},{"type":"Feature","properties":{},"geometry":{"type":"LineString","coordinates":[[0.29395,-0.17485],[0.29485,-0.17425],[0.29695,-0.17545],[0.29845,-0.17515],[0.30355,-0.18025],[0.30475,-0.17965],[0.30805,-0.18295],[0.31015,-0.18325],[0.31285,-0.18505],[0.31555,-0.18835],[0.31555,-0.18955],[0.31705,-0.19075]]}},{"type":"Feature","properties":{},"geometry":{"type":"LineString","coordinates":[[0.29395,-0.17485],[0.29425,-0.17515]]}},{"type":"Feature","properties":{},"geometry":{"type":"LineString","coordinates":[[-0.06605,0.47375],[-0.06575,0.47345]]}},{"type":"Feature","properties":{},"geometry":{"type":"LineString","coordinates":[[-0.23225,0.67415],[-0.23285,0.67535],[-0.23195,0.67655],[-0.23285,0.67865],[-0.23165,0.68285],[-0.23195,0.68465],[-0.23135,0.68525],[-0.23225,0.68915],[-0.23195,0.69215],[-0.23285,0.69395],[-0.23255,0.69845],[-0.23315,0.69905],[-0.23255,0.70085],[-0.23375,0.70205],[-0.22985,0.70655],[-0.23495,0.71255],[-0.23285,0.71585],[-0.23585,0.72065]]}},{"type":"Feature","properties":{},"geometry":{"type":"LineString","coordinates":[[0.20785,-0.02515],[0.20815,-0.02515]]}},{"type":"Feature","properties":{},"geometry":{"type":"LineString","coordinates":[[0.20785,-0.02515],[0.20785,-0.02545]]}},{"type":"Feature","properties":{},"geometry":{"type":"LineString","coordinates":[[0.16375,0.08915],[0.15685,0.08165],[0.15745,0.08105],[0.15655,0.08015],[0.15715,0.07955],[0.15295,0.07505],[0.15565,0.07115],[0.15445,0.06995],[0.15535,0.06785],[0.15325,0.06575],[0.15325,0.06425],[0.15175,0.06275],[0.15235,0.06005],[0.14695,0.05435],[0.14635,0.05465],[0.14515,0.05375],[0.14155,0.05015],[0.13915,0.05045],[0.13765,0.04895],[0.13555,0.04985],[0.13255,0.04685],[0.13195,0.04745],[0.12505,0.04055]]}},{"type":"Feature","properties":{},"geometry":{"type":"LineString","coordinates":[[-0.14165,0.66815],[-0.14135,0.66845]]}},{"type":"Feature","properties":{},"geometry":{"type":"LineString","coordinates":[[-0.14165,0.66815],[-0.14195,0.66785]]}},{"type":"Feature","properties":{},"geometry":{"type":"LineString","coordinates":[[0.46375,0.08735],[0.46705,0.08825],[0.46975,0.09155],[0.47305,0.09305],[0.47575,0.09545],[0.47665,0.09515],[0.47725,0.09575],[0.47905,0.09485],[0.47965,0.09545],[0.48115,0.09515],[0.48295,0.09635],[0.48475,0.09635],[0.48655,0.09455],[0.48835,0.09395],[0.49045,0.09485],[0.49495,0.09905],[0.49705,0.09845]]}},{"type":"Feature","properties":{},"geometry":{"type":"LineString","coordinates":[[-0.32765,0.47015],[-0.32735,0.47045]]}},{"type":"Feature","properties":{},"geometry":{"type":"LineString","coordinates":[[-0.32765,0.47015],[-0.32735,0.47015]]}},{"type":"Feature","properties":{},"geometry":{"type":"LineString","coordinates":[[0.28045,0.20345],[0.28075,0.20345]]}},{"type":"Feature","properties":{},"geometry":{"type":"LineString","coordinates":[[-0.07145,0.32615],[-0.07145,0.32585]]}},{"type":"Feature","properties":{},"geometry":{"type":"LineString","coordinates":[[-0.37775,0.38435],[-0.37775,0.38465]]}},{"type":"Feature","properties":{},"geometry":{"type":"LineString","coordinates":[[-0.37775,0.38435],[-0.37745,0.38435]]}},{"type":"Feature","properties":{},"geometry":{"type":"LineString","coordinates":[[-0.37775,0.38435],[-0.37775,0.38405]]}},{"type":"Feature","properties":{},"geometry":{"type":"LineString","coordinates":[[0.29665,0.06185],[0.29995,0.06215],[0.30415,0.06545],[0.30565,0.06575],[0.30625,0.06515],[0.31165,0.07445],[0.31105,0.07505],[0.31165,0.07565],[0.31135,0.07985],[0.30925,0.08555],[0.30985,0.08615],[0.30955,0.08795],[0.31555,0.09335],[0.32035,0.09185],[0.32245,0.09305],[0.32485,0.09215],[0.32725,0.09425],[0.32875,0.09395],[0.33055,0.09575],[0.33145,0.09515],[0.33265,0.09545],[0.33475,0.09845],[0.33355,0.09965],[0.33325,0.10145],[0.33595,0.10505],[0.34405,0.11315],[0.34375,0.11465],[0.34495,0.11585],[0.34465,0.11645],[0.34615,0.11945],[0.34525,0.12035],[0.34615,0.12155],[0.34555,0.12395],[0.34885,0.12725],[0.34915,0.12935],[0.34135,0.13835],[0.34315,0.14165],[0.34225,0.14285],[0.34345,0.14465],[0.34315,0.14585],[0.33655,0.15275],[0.33745,0.15365],[0.33655,0.15485],[0.34105,0.15905]]}},{"type":"Feature","properties":{},"geometry":{"type":"LineString","coordinates":[[0.17425,0.22505],[0.17365,0.22535],[0.17005,0.22355],[0.17035,0.22115],[0.16465,0.21485],[0.16345,0.21605],[0.15865,0.21545],[0.15775,0.21635],[0.15685,0.21545],[0.15505,0.21725],[0.15355,0.21665],[0.15175,0.21725],[0.15055,0.21635],[0.14995,0.21695],[0.14755,0.21545],[0.14665,0.21605]]}},{"type":"Feature","properties":{},"geometry":{"type":"LineString","coordinates":[[-0.03155,-0.18895],[-0.03125,-0.18805],[-0.03245,-0.18655],[-0.03155,-0.18475],[-0.03305,-0.18295],[-0.03035,-0.17965]]}},{"type":"Feature","properties":{},"geometry":{"type":"LineString","coordinates":[[0.17995,-0.39235],[0.17965,-0.39505],[0.18025,-0.39715],[0.17845,-0.40015],[0.17905,-0.40225],[0.17695,-0.40525],[0.17725,-0.40705],[0.17635,-0.40765],[0.17665,-0.40855],[0.17545,-0.41125],[0.17605,-0.41185],[0.17605,-0.42055],[0.17515,-0.42295],[0.17605,-0.42745],[0.17515,-0.42835],[0.17515,-0.43195],[0.17425,-0.43285],[0.17425,-0.43495],[0.17485,-0.43555],[0.17425,-0.43645],[0.17425,-0.44035],[0.17485,-0.44095],[0.17365,-0.44305],[0.17395,-0.44395],[0.17215,-0.44605],[0.17185,-0.44965],[0.17035,-0.45265],[0.16795,-0.45505],[0.16795,-0.45625],[0.16525,-0.46045],[0.16525,-0.46225],[0.16375,-0.46435],[0.16495,-0.46555],[0.16465,-0.46675],[0.16585,-0.46765],[0.16555,-0.46825]]}},{"type":"Feature","properties":{},"geometry":{"type":"LineString","coordinates":[[0.17995,-0.39235],[0.17965,-0.39205]]}},{"type":"Feature","properties":{},"geometry":{"type":"LineString","coordinates":[[0.08155,-0.12595],[0.08395,-0.12805],[0.09385,-0.11815],[0.09745,-0.11995],[0.09865,-0.11875],[0.10105,-0.12055],[0.10285,-0.11875]]}},{"type":"Feature","properties":{},"geometry":{"type":"LineString","coordinates":[[-0.40505,0.26195],[-0.40595,0.25895],[-0.39755,0.25025],[-0.39815,0.24935],[-0.39755,0.24845],[-0.39935,0.24665],[-0.40085,0.24275],[-0.40445,0.23855],[-0.40445,0.23735],[-0.41225,0.22745],[-0.41255,0.22385],[-0.41405,0.22235],[-0.41405,0.22055],[-0.41645,0.21785],[-0.41795,0.21425],[-0.41765,0.21215],[-0.41825,0.21065],[-0.42005,0.20885],[-0.42035,0.20765],[-0.41975,0.20705],[-0.42065,0.20615],[-0.42005,0.20435],[-0.42035,0.20225],[-0.41825,0.20015],[-0.41765,0.19895],[-0.41825,0.19805],[-0.41675,0.19565],[-0.42095,0.19055],[-0.42095,0.18905],[-0.42365,0.18635],[-0.42515,0.18365],[-0.42485,0.18215],[-0.42545,0.18125],[-0.42995,0.17645],[-0.42965,0.17525],[-0.44255,0.16175],[-0.44285,0.15965],[-0.44225,0.15905],[-0.44285,0.15845],[-0.44195,0.15695],[-0.44255,0.15545],[-0.44165,0.15395],[-0.44315,0.15095],[-0.44315,0.14885],[-0.44135,0.14525],[-0.44255,0.14345],[-0.44135,0.14015],[-0.44405,0.13685],[-0.44375,0.13535],[-0.44465,0.13325],[-0.44375,0.13235],[-0.44465,0.13025]]}},{"type":"Feature","properties":{},"geometry":{"type":"LineString","coordinates":[[-0.40505,0.26195],[-0.39365,0.25055],[-0.39245,0.25085],[-0.39035,0.24935],[-0.38915,0.24965],[-0.38675,0.24725],[-0.38555,0.24695],[-0.38255,0.24335],[-0.37895,0.24335]]}},{"type":"Feature","properties":{},"geometry":{"type":"LineString","coordinates":[[0.19585,-0.17845],[0.19615,-0.17845]]}},{"type":"Feature","properties":{},"geometry":{"type":"LineString","coordinates":[[0.19585,-0.17845],[0.19615,-0.17875]]}},{"type":"Feature","properties":{},"geometry":{"type":"LineString","coordinates":[[-0.26015,0.43145],[-0.25805,0.42905],[-0.25865,0.42815],[-0.25685,0.42635],[-0.25865,0.42275],[-0.25805,0.42185],[-0.25865,0.41975],[-0.25775,0.41855],[-0.25835,0.41615],[-0.25715,0.41465],[-0.25835,0.41375],[-0.25805,0.41255],[-0.25865,0.41165],[-0.25805,0.40925],[-0.25865,0.40865],[-0.25805,0.40685],[-0.25865,0.40565],[-0.25745,0.40325],[-0.25805,0.40145]]}},{"type":"Feature","properties":{},"geometry":{"type":"LineString","coordinates":[[-0.26015,0.43145],[-0.25895,0.43145],[-0.25685,0.43295],[-0.25475,0.43505],[-0.25355,0.43745],[-0.24725,0.44255],[-0.24515,0.44135],[-0.24245,0.44135],[-0.23825,0.43865],[-0.23435,0.43415],[-0.23345,0.43445],[-0.23225,0.43325],[-0.23165,0.43385],[-0.23045,0.43325],[-0.21935,0.44435],[-0.21965,0.44525],[-0.21575,0.44945],[-0.21245,0.44795],[-0.21155,0.44825],[-0.20825,0.44555],[-0.20765,0.44615],[-0.20585,0.44555],[-0.20465,0.44675],[-0.20225,0.44615],[-0.19925,0.44375],[-0.19955,0.44285],[-0.19535,0.43865],[-0.19415,0.43685],[-0.19445,0.43595],[-0.19205,0.43355],[-0.19235,0.43235],[-0.19145,0.43085],[-0.19235,0.42995],[-0.19175,0.42845],[-0.19265,0.42695],[-0.19235,0.42485],[-0.19295,0.42395],[-0.19145,0.42155],[-0.19205,0.42035],[-0.19115,0.41855],[-0.18755,0.41375],[-0.18815,0.41285],[-0.18755,0.41135],[-0.18785,0.40925],[-0.18665,0.40655],[-0.18755,0.40535],[-0.18725,0.40385],[-0.18815,0.40295]]}},{"type":"Feature","properties":{},"geometry":{"type":"LineString","coordinates":[[0.26905,0.01895],[0.26185,0.01115],[0.25945,0.01025],[0.25525,0.00695],[0.25375,0.00785],[0.25195,0.00755],[0.25105,0.00665],[0.25015,0.00725],[0.24745,0.00515],[0.24685,0.00455],[0.24745,0.00275],[0.24565,0.00095],[0.24445,0.00095],[0.24175,-0.00145],[0.24115,-0.00085],[0.23305,-0.00865],[0.23245,-0.00835],[0.23065,-0.01015],[0.22915,-0.01045],[0.22405,-0.01495],[0.22105,-0.01885],[0.22015,-0.01915],[0.21715,-0.01705],[0.20815,-0.02515]]}},{"type":"Feature","properties":{},"geometry":{"type":"LineString","coordinates":[[0.10555,-0.11605],[0.10585,-0.11575]]}},{"type":"Feature","properties":{},"geometry":{"type":"LineString","coordinates":[[0.10555,-0.11605],[0.10585,-0.11635]]}},{"type":"Feature","properties":{},"geometry":{"type":"LineString","coordinates":[[0.04315,-0.15715],[0.04285,-0.15685]]}},{"type":"Feature","properties":{},"geometry":{"type":"LineString","coordinates":[[-0.03815,0.49505],[-0.03965,0.49385],[-0.04085,0.49415],[-0.04205,0.49325],[-0.04295,0.49415],[-0.04775,0.48965],[-0.04805,0.48695],[-0.05255,0.48185],[-0.06425,0.47495]]}},{"type":"Feature","properties":{},"geometry":{"type":"LineString","coordinates":[[-0.13655,0.08315],[-0.13685,0.08225],[-0.13565,0.08075],[-0.14285,0.07235],[-0.14315,0.07085],[-0.14195,0.06965],[-0.14345,0.06725],[-0.14315,0.06515],[-0.14825,0.06035],[-0.14825,0.05825],[-0.14735,0.05765],[-0.14855,0.05675],[-0.14855,0.05525],[-0.14735,0.05255],[-0.14855,0.04955],[-0.14795,0.04685],[-0.14855,0.04625],[-0.14735,0.04505],[-0.15035,0.04355],[-0.15545,0.03905],[-0.15425,0.03755],[-0.15635,0.03515],[-0.15575,0.03425],[-0.15935,0.02885],[-0.15905,0.02555],[-0.16265,0.02135],[-0.16205,0.02075],[-0.16235,0.01985],[-0.16085,0.01835],[-0.16115,0.01745],[-0.16805,0.01085],[-0.17795,-0.00145],[-0.17945,-0.00235],[-0.18005,-0.00205],[-0.18665,-0.00745],[-0.18815,-0.00805],[-0.19025,-0.00775],[-0.19145,-0.00655],[-0.19475,-0.00745],[-0.19745,-0.00505],[-0.19865,-0.00475],[-0.19925,-0.00535],[-0.20225,-0.00265],[-0.20465,-0.00175],[-0.20585,-0.00205],[-0.20705,-0.00505],[-0.20825,-0.00565]]}},{"type":"Feature","properties":{},"geometry":{"type":"LineString","coordinates":[[-0.30845,0.40535],[-0.30815,0.40535]]}},{"type":"Feature","properties":{},"geometry":{"type":"LineString","coordinates":[[-0.38465,0.37625],[-0.38165,0.38135],[-0.37925,0.38195],[-0.37895,0.38315],[-0.37775,0.38405]]}},{"type":"Feature","properties":{},"geometry":{"type":"LineString","coordinates":[[0.09085,0.06095],[0.09055,0.06155]]}},{"type":"Feature","properties":{},"geometry":{"type":"LineString","coordinates":[[0.09085,0.06095],[0.09115,0.06065]]}},{"type":"Feature","properties":{},"geometry":{"type":"LineString","coordinates":[[0.15415,0.34205],[0.15565,0.34055],[0.15535,0.33995],[0.15625,0.33845],[0.15595,0.33725],[0.15685,0.33575],[0.15595,0.33485],[0.15625,0.33275],[0.15805,0.32975],[0.15745,0.32525],[0.15895,0.32375],[0.15865,0.32225],[0.16015,0.32045],[0.15985,0.31865],[0.16045,0.31775],[0.15985,0.31655],[0.16045,0.31595],[0.15925,0.31385],[0.15925,0.31205],[0.15175,0.30365],[0.15025,0.30065],[0.15115,0.29795],[0.14995,0.29465],[0.15175,0.29195]]}},{"type":"Feature","properties":{},"geometry":{"type":"LineString","coordinates":[[0.15415,0.34205],[0.15445,0.34235]]}},{"type":"Feature","properties":{},"geometry":{"type":"LineString","coordinates":[[-0.35705,-0.65695],[-0.35615,-0.65545],[-0.35675,-0.65305],[-0.35525,-0.65125],[-0.35525,-0.64825]]}},{"type":"Feature","properties":{},"geometry":{"type":"LineString","coordinates":[[-0.35705,-0.65695],[-0.35735,-0.65725]]}},{"type":"Feature","properties":{},"geometry":{"type":"LineString","coordinates":[[0.20215,-0.17635],[0.20215,-0.17605]]}},{"type":"Feature","properties":{},"geometry":{"type":"LineString","coordinates":[[0.20215,-0.17635],[0.20245,-0.17635]]}},{"type":"Feature","properties":{},"geometry":{"type":"LineString","coordinates":[[0.20785,-0.02545],[0.20815,-0.02515]]}},{"type":"Feature","properties":{},"geometry":{"type":"LineString","coordinates":[[-0.11975,0.48305],[-0.11885,0.48305],[-0.11105,0.48875],[-0.10175,0.48845],[-0.10085,0.48785],[-0.09785,0.48785],[-0.09575,0.48875],[-0.08885,0.48815],[-0.08675,0.48695],[-0.08285,0.48695],[-0.07835,0.48335],[-0.07415,0.47825],[-0.07475,0.47675],[-0.06965,0.47165],[-0.06845,0.47135],[-0.06695,0.47285]]}},{"type":"Feature","properties":{},"geometry":{"type":"LineString","coordinates":[[0.33805,-0.13615],[0.33745,-0.13855],[0.33805,-0.13975],[0.33715,-0.14215],[0.33985,-0.14605],[0.33865,-0.14905],[0.34195,-0.15475],[0.34165,-0.15655],[0.34435,-0.15925],[0.34375,-0.16015],[0.34585,-0.16255],[0.34615,-0.16405],[0.34915,-0.16585],[0.35065,-0.16435],[0.35155,-0.16495],[0.35245,-0.16405],[0.35305,-0.16465],[0.35425,-0.16405],[0.35545,-0.16465],[0.35785,-0.16315],[0.35995,-0.16375],[0.36175,-0.16555],[0.36355,-0.16375],[0.36925,-0.16945],[0.36625,-0.17425],[0.36655,-0.17515],[0.36565,-0.17605],[0.36625,-0.17665],[0.36565,-0.17725],[0.36595,-0.17815],[0.36535,-0.17875],[0.36595,-0.18025],[0.36535,-0.18085],[0.36955,-0.18505],[0.37165,-0.18505],[0.37225,-0.18445],[0.37465,-0.18685],[0.37675,-0.18625],[0.37885,-0.18775],[0.38125,-0.18595],[0.38245,-0.18715],[0.38425,-0.18745],[0.38695,-0.19015],[0.38965,-0.18925],[0.39085,-0.18805],[0.39325,-0.18805],[0.39865,-0.18265],[0.40195,-0.18085]]}},{"type":"Feature","properties":{},"geometry":{"type":"LineString","coordinates":[[0.19795,-0.36595],[0.19765,-0.36565]]}},{"type":"Feature","properties":{},"geometry":{"type":"LineString","coordinates":[[0.19795,-0.36595],[0.19825,-0.36625]]}},{"type":"Feature","properties":{},"geometry":{"type":"LineString","coordinates":[[-0.12005,0.42335],[-0.11915,0.42425],[-0.11735,0.42425],[-0.11045,0.43115],[-0.10895,0.43355],[-0.10415,0.43745],[-0.10355,0.43715],[-0.10265,0.43805],[-0.10025,0.43625],[-0.09965,0.43655],[-0.09515,0.44135],[-0.09425,0.44135],[-0.09065,0.44465],[-0.09005,0.44405],[-0.08165,0.45245],[-0.08075,0.45185],[-0.07775,0.45185],[-0.07655,0.45095],[-0.07745,0.45035],[-0.07745,0.44855],[-0.07415,0.44855],[-0.07115,0.44555],[-0.06785,0.44615],[-0.06575,0.44585],[-0.06335,0.44435],[-0.06065,0.44465],[-0.05945,0.44375],[-0.05615,0.44315],[-0.05375,0.44375],[-0.04955,0.44255],[-0.04835,0.44105],[-0.04385,0.43835],[-0.04055,0.43475]]}},{"type":"Feature","properties":{},"geometry":{"type":"LineString","coordinates":[[-0.12005,0.42335],[-0.12245,0.42305]]}},{"type":"Feature","properties":{},"geometry":{"type":"LineString","coordinates":[[-0.07145,0.32585],[-0.07145,0.32555]]}},{"type":"Feature","properties":{},"geometry":{"type":"LineString","coordinates":[[-0.06695,0.47285],[-0.06665,0.47315]]}},{"type":"Feature","properties":{},"geometry":{"type":"LineString","coordinates":[[-0.37775,0.38405],[-0.37745,0.38435]]}},{"type":"Feature","properties":{},"geometry":{"type":"LineString","coordinates":[[0.43795,-0.41485],[0.43735,-0.41425],[0.43495,-0.41425],[0.43135,-0.41605],[0.42685,-0.41695],[0.42505,-0.41845],[0.42385,-0.41755],[0.42085,-0.41755],[0.41995,-0.41845],[0.41845,-0.41785],[0.41485,-0.41485],[0.41515,-0.41425],[0.41425,-0.41275],[0.41155,-0.40975],[0.41155,-0.40855],[0.40195,-0.39895]]}},{"type":"Feature","properties":{},"geometry":{"type":"LineString","coordinates":[[0.19825,-0.05785],[0.19855,-0.05785]]}},{"type":"Feature","properties":{},"geometry":{"type":"LineString","coordinates":[[0.19825,-0.05785],[0.19855,-0.05815]]}},{"type":"Feature","properties":{},"geometry":{"type":"LineString","coordinates":[[-0.14315,0.66665],[-0.14255,0.66515],[-0.14015,0.66305],[-0.13895,0.66035],[-0.14465,0.65525],[-0.14375,0.65375],[-0.14495,0.65225],[-0.14375,0.64925],[-0.14525,0.64655],[-0.14435,0.64505],[-0.14525,0.64385],[-0.14345,0.64115],[-0.14495,0.63815],[-0.14315,0.63605],[-0.14435,0.63395],[-0.14345,0.63305],[-0.14405,0.63245]]}},{"type":"Feature","properties":{},"geometry":{"type":"LineString","coordinates":[[-0.14315,0.66665],[-0.14285,0.66695]]}},{"type":"Feature","properties":{},"geometry":{"type":"LineString","coordinates":[[-0.00785,0.01895],[-0.00785,0.01865]]}},{"type":"Feature","properties":{},"geometry":{"type":"LineString","coordinates":[[-0.00785,0.01895],[-0.00755,0.01865]]}},{"type":"Feature","properties":{},"geometry":{"type":"LineString","coordinates":[[0.19765,-0.36565],[0.19795,-0.36535]]}},{"type":"Feature","properties":{},"geometry":{"type":"LineString","coordinates":[[0.48745,-0.20425],[0.48685,-0.20395],[0.48565,-0.20515],[0.48415,-0.20395],[0.48355,-0.20455],[0.48235,-0.20425],[0.47965,-0.20155],[0.47815,-0.20155],[0.47695,-0.20035],[0.47545,-0.20065],[0.47365,-0.19885],[0.47095,-0.20065],[0.47005,-0.19975],[0.46945,-0.20035],[0.46885,-0.19975],[0.46585,-0.20065],[0.46435,-0.19945],[0.46195,-0.20065],[0.46045,-0.19945],[0.45955,-0.20035],[0.45865,-0.19975],[0.45805,-0.20035],[0.45415,-0.19795],[0.45265,-0.19885],[0.45205,-0.19855],[0.44935,-0.19585],[0.44635,-0.19795],[0.44485,-0.19675],[0.44275,-0.19795],[0.44095,-0.19735],[0.43975,-0.19855],[0.43825,-0.19855],[0.43405,-0.19585],[0.42985,-0.19735],[0.42865,-0.19645],[0.42775,-0.19705],[0.41185,-0.18265],[0.40885,-0.18145],[0.40705,-0.18175],[0.40585,-0.18085],[0.40525,-0.18145],[0.40375,-0.17995],[0.40315,-0.18025]]}},{"type":"Feature","properties":{},"geometry":{"type":"LineString","coordinates":[[0.34765,-0.50455],[0.34795,-0.50485]]}},{"type":"Feature","properties":{},"geometry":{"type":"LineString","coordinates":[[-0.14225,0.66755],[-0.14195,0.66785]]}},{"type":"Feature","properties":{},"geometry":{"type":"LineString","coordinates":[[-0.14225,0.66755],[-0.14255,0.66725]]}},{"type":"Feature","properties":{},"geometry":{"type":"LineString","coordinates":[[0.30625,0.17795],[0.30805,0.18035],[0.30895,0.18005],[0.31105,0.18245],[0.31315,0.18095],[0.31915,0.18215],[0.32245,0.18125],[0.32425,0.17945],[0.32485,0.17975],[0.32635,0.17825],[0.32755,0.17825],[0.33205,0.17465],[0.33355,0.17465],[0.33595,0.17105],[0.33565,0.16985],[0.33775,0.16745],[0.33835,0.16535],[0.33955,0.16475],[0.33865,0.16055],[0.34075,0.15935]]}},{"type":"Feature","properties":{},"geometry":{"type":"LineString","coordinates":[[0.30625,0.17795],[0.30595,0.17765]]}},{"type":"Feature","properties":{},"geometry":{"type":"LineString","coordinates":[[0.10315,-0.11845],[0.10345,-0.11815]]}},{"type":"Feature","properties":{},"geometry":{"type":"LineString","coordinates":[[0.10315,-0.11845],[0.10285,-0.11875]]}},{"type":"Feature","properties":{},"geometry":{"type":"LineString","coordinates":[[0.12145,0.31145],[0.12025,0.31145],[0.11815,0.30935],[0.11725,0.30635],[0.11425,0.30215],[0.11365,0.30005],[0.11155,0.29795],[0.11155,0.29705],[0.10585,0.29165],[0.10585,0.29045],[0.09805,0.28265],[0.10045,0.27875],[0.09685,0.27515],[0.09745,0.27455]]}},{"type":"Feature","properties":{},"geometry":{"type":"LineString","coordinates":[[0.12145,0.31145],[0.12175,0.31175]]}},{"type":"Feature","properties":{},"geometry":{"type":"LineString","coordinates":[[0.12145,0.31145],[0.12175,0.31145]]}},{"type":"Feature","properties":{},"geometry":{"type":"LineString","coordinates":[[-0.06515,0.47465],[-0.06485,0.47435]]}},{"type":"Feature","properties":{},"geometry":{"type":"LineString","coordinates":[[0.19915,-0.36655],[0.19885,-0.36685]]}},{"type":"Feature","properties":{},"geometry":{"type":"LineString","coordinates":[[0.10825,-0.11395],[0.10855,-0.11365]]}},{"type":"Feature","properties":{},"geometry":{"type":"LineString","coordinates":[[0.09055,0.06155],[0.08875,0.06575],[0.08935,0.06635],[0.09175,0.06575],[0.09475,0.06845],[0.09565,0.06845],[0.09805,0.07145],[0.09625,0.07535],[0.09745,0.07685],[0.09685,0.07955],[0.09595,0.08045],[0.09655,0.08105]]}},{"type":"Feature","properties":{},"geometry":{"type":"LineString","coordinates":[[0.19615,-0.36445],[0.19645,-0.36445]]}},{"type":"Feature","properties":{},"geometry":{"type":"LineString","coordinates":[[0.10405,-0.11755],[0.10435,-0.11725]]}},{"type":"Feature","properties":{},"geometry":{"type":"LineString","coordinates":[[0.10405,-0.11755],[0.10435,-0.11785]]}},{"type":"Feature","properties":{},"geometry":{"type":"LineString","coordinates":[[0.10345,0.02345],[0.10315,0.02375]]}},{"type":"Feature","properties":{},"geometry":{"type":"LineString","coordinates":[[-0.14135,0.66845],[-0.14165,0.66875]]}},{"type":"Feature","properties":{},"geometry":{"type":"LineString","coordinates":[[0.06925,0.02285],[0.07015,0.02195],[0.06955,0.02045],[0.06715,0.02015]]}},{"type":"Feature","properties":{},"geometry":{"type":"LineString","coordinates":[[0.40195,-0.18055],[0.39895,-0.17755],[0.39805,-0.17755],[0.39445,-0.17455],[0.38785,-0.16735],[0.38755,-0.16645],[0.38965,-0.16375],[0.38905,-0.16285],[0.39025,-0.16165],[0.38965,-0.16075],[0.39055,-0.15985],[0.38965,-0.15895],[0.39085,-0.15745]]}},{"type":"Feature","properties":{},"geometry":{"type":"LineString","coordinates":[[0.40195,-0.18055],[0.40225,-0.18055]]}},{"type":"Feature","properties":{},"geometry":{"type":"LineString","coordinates":[[0.40195,-0.18055],[0.40195,-0.18085]]}},{"type":"Feature","properties":{},"geometry":{"type":"LineString","coordinates":[[0.10915,-0.11305],[0.11035,-0.11215],[0.11545,-0.11755],[0.11725,-0.11785],[0.12595,-0.11125],[0.12715,-0.11155],[0.13105,-0.10885],[0.13255,-0.10885],[0.13375,-0.10975],[0.13645,-0.10795],[0.13825,-0.10975],[0.13885,-0.10915]]}},{"type":"Feature","properties":{},"geometry":{"type":"LineString","coordinates":[[0.10915,-0.11305],[0.10885,-0.11275]]}},{"type":"Feature","properties":{},"geometry":{"type":"LineString","coordinates":[[0.39325,-0.37135],[0.39595,-0.37495],[0.39625,-0.37675],[0.40015,-0.38125],[0.39985,-0.38395],[0.40195,-0.38635],[0.40285,-0.39385],[0.40015,-0.39715],[0.40195,-0.39895]]}},{"type":"Feature","properties":{},"geometry":{"type":"LineString","coordinates":[[-0.07145,0.32555],[-0.07265,0.32345],[-0.06635,0.31805],[-0.06665,0.31685],[-0.06455,0.31445],[-0.06515,0.31235]]}},{"type":"Feature","properties":{},"geometry":{"type":"LineString","coordinates":[[0.10495,-0.11665],[0.10525,-0.11695]]}},{"type":"Feature","properties":{},"geometry":{"type":"LineString","coordinates":[[0.15355,-0.34435],[0.15565,-0.34345],[0.15775,-0.34435],[0.16105,-0.34825],[0.16225,-0.34795],[0.16465,-0.34945],[0.16675,-0.34885],[0.17065,-0.35305],[0.17305,-0.35335],[0.17395,-0.35425],[0.17365,-0.35485],[0.17785,-0.36085],[0.17845,-0.36055],[0.18055,-0.36205],[0.18415,-0.36235]]}},{"type":"Feature","properties":{},"geometry":{"type":"LineString","coordinates":[[-0.10385,0.31595],[-0.10355,0.31595]]}},{"type":"Feature","properties":{},"geometry":{"type":"LineString","coordinates":[[-0.10385,0.31595],[-0.10385,0.31565]]}},{"type":"Feature","properties":{},"geometry":{"type":"LineString","coordinates":[[-0.07055,0.32645],[-0.05885,0.31505],[-0.04895,0.30365],[-0.04925,0.30305],[-0.04415,0.29765],[-0.04445,0.29705],[-0.04265,0.29405],[-0.04295,0.29255],[-0.04145,0.29075],[-0.01655,0.26705],[-0.01505,0.26705],[-0.01385,0.26465],[-0.01175,0.26525],[-0.00965,0.26735],[-0.00845,0.26705],[-0.00605,0.26885],[-0.00215,0.26645],[0.00025,0.26675],[0.00085,0.26615],[0.00415,0.26825],[0.01045,0.26195],[0.01105,0.26015],[0.01525,0.25625],[0.01435,0.25475],[0.01555,0.25295],[0.01495,0.25235],[0.01825,0.24725],[0.01765,0.24665],[0.01825,0.24515],[0.01795,0.24305],[0.01855,0.24245],[0.01855,0.24035],[0.01765,0.23855],[0.01825,0.23615],[0.01495,0.23195]]}},{"type":"Feature","properties":{},"geometry":{"type":"LineString","coordinates":[[0.19945,-0.36205],[0.19735,-0.36475]]}},{"type":"Feature","properties":{},"geometry":{"type":"LineString","coordinates":[[-0.06545,0.31205],[-0.06515,0.31235]]}},{"type":"Feature","properties":{},"geometry":{"type":"LineString","coordinates":[[-0.06545,0.31205],[-0.06515,0.31205]]}},{"type":"Feature","properties":{},"geometry":{"type":"LineString","coordinates":[[0.20095,-0.19105],[0.19945,-0.18955],[0.19975,-0.18835],[0.19885,-0.18715],[0.19915,-0.18445],[0.19675,-0.18175],[0.19705,-0.18115],[0.19585,-0.17995],[0.19615,-0.17875]]}},{"type":"Feature","properties":{},"geometry":{"type":"LineString","coordinates":[[-0.03245,-0.09925],[-0.03365,-0.10255],[-0.03245,-0.10405],[-0.03305,-0.10675],[-0.03125,-0.10945],[-0.03215,-0.11065],[-0.03155,-0.11125],[-0.03485,-0.11485],[-0.03425,-0.11545],[-0.03605,-0.11725]]}},{"type":"Feature","properties":{},"geometry":{"type":"LineString","coordinates":[[0.10585,-0.11575],[0.10615,-0.11575]]}},{"type":"Feature","properties":{},"geometry":{"type":"LineString","coordinates":[[0.10585,-0.11575],[0.10615,-0.11605]]}},{"type":"Feature","properties":{},"geometry":{"type":"LineString","coordinates":[[0.23065,-0.03595],[0.22465,-0.04135],[0.22135,-0.04015],[0.22045,-0.04105],[0.21955,-0.04015],[0.21865,-0.04105],[0.21805,-0.04075],[0.20515,-0.05365],[0.20275,-0.05575],[0.20185,-0.05515],[0.19885,-0.05785]]}},{"type":"Feature","properties":{},"geometry":{"type":"LineString","coordinates":[[-0.00785,0.01865],[-0.00755,0.01865]]}},{"type":"Feature","properties":{},"geometry":{"type":"LineString","coordinates":[[-0.10475,0.31535],[-0.10445,0.31505]]}},{"type":"Feature","properties":{},"geometry":{"type":"LineString","coordinates":[[0.34885,-0.25585],[0.34795,-0.24985],[0.34735,-0.24925],[0.34765,-0.24805],[0.34645,-0.24685],[0.34645,-0.24565],[0.34405,-0.24415],[0.34015,-0.24385]]}},{"type":"Feature","properties":{},"geometry":{"type":"LineString","coordinates":[[0.15445,0.34235],[0.15415,0.34265]]}},{"type":"Feature","properties":{},"geometry":{"type":"LineString","coordinates":[[0.12505,0.04055],[0.12445,0.04115],[0.12595,0.04295]]}},{"type":"Feature","properties":{},"geometry":{"type":"LineString","coordinates":[[0.29425,0.26585],[0.29425,0.26615]]}},{"type":"Feature","properties":{},"geometry":{"type":"LineString","coordinates":[[0.29425,0.26585],[0.29455,0.26585]]}},{"type":"Feature","properties":{},"geometry":{"type":"LineString","coordinates":[[-0.02435,-0.03265],[-0.02435,-0.03295]]}},{"type":"Feature","properties":{},"geometry":{"type":"LineString","coordinates":[[0.10585,-0.11635],[0.10615,-0.11605]]}},{"type":"Feature","properties":{},"geometry":{"type":"LineString","coordinates":[[0.41845,0.09185],[0.42055,0.09395],[0.42025,0.09455],[0.42145,0.09605],[0.42235,0.09845],[0.42175,0.09935],[0.42235,0.10205],[0.43165,0.11285],[0.43225,0.11255],[0.43375,0.11375],[0.43495,0.11285],[0.43585,0.11345],[0.43975,0.11255],[0.44395,0.11645],[0.44605,0.11735],[0.44725,0.11705],[0.44935,0.11885],[0.45175,0.11915],[0.45445,0.12215],[0.45835,0.11945],[0.45925,0.11945],[0.46075,0.12095]]}},{"type":"Feature","properties":{},"geometry":{"type":"LineString","coordinates":[[0.40195,-0.18085],[0.40225,-0.18055]]}},{"type":"Feature","properties":{},"geometry":{"type":"LineString","coordinates":[[-0.31535,0.39845],[-0.31505,0.39845]]}},{"type":"Feature","properties":{},"geometry":{"type":"LineString","coordinates":[[0.19735,-0.36475],[0.19765,-0.36505]]}},{"type":"Feature","properties":{},"geometry":{"type":"LineString","coordinates":[[-0.34265,0.19235],[-0.34505,0.18755],[-0.34805,0.18455],[-0.34775,0.18395]]}},{"type":"Feature","properties":{},"geometry":{"type":"LineString","coordinates":[[0.06445,-0.09565],[0.06475,-0.09535]]}},{"type":"Feature","properties":{},"geometry":{"type":"LineString","coordinates":[[0.06445,-0.09565],[0.06475,-0.09565]]}},{"type":"Feature","properties":{},"geometry":{"type":"LineString","coordinates":[[-0.37745,0.38435],[-0.37775,0.38465]]}},{"type":"Feature","properties":{},"geometry":{"type":"LineString","coordinates":[[0.06415,-0.09475],[0.06445,-0.09505]]}},{"type":"Feature","properties":{},"geometry":{"type":"LineString","coordinates":[[-0.03575,-0.11815],[-0.03605,-0.11785]]}},{"type":"Feature","properties":{},"geometry":{"type":"LineString","coordinates":[[-0.03575,-0.11815],[-0.03695,-0.12055],[-0.03695,-0.12355],[-0.03335,-0.12955],[-0.03335,-0.13555],[-0.03185,-0.13915],[-0.03545,-0.14305],[-0.03485,-0.14395],[-0.03545,-0.14545],[-0.03065,-0.15025],[-0.03185,-0.15415],[-0.03125,-0.15505],[-0.03215,-0.15595],[-0.03125,-0.15685],[-0.03185,-0.15805],[-0.03125,-0.15925],[-0.03635,-0.16465],[-0.02915,-0.17185],[-0.02945,-0.17605],[-0.03035,-0.17755],[-0.02945,-0.17845],[-0.03035,-0.17965]]}},{"type":"Feature","properties":{},"geometry":{"type":"LineString","coordinates":[[0.26425,-0.16255],[0.26335,-0.16345],[0.26275,-0.16285],[0.26005,-0.16345],[0.25675,-0.16165],[0.25465,-0.16165],[0.25165,-0.15895],[0.24865,-0.15805]]}},{"type":"Feature","properties":{},"geometry":{"type":"LineString","coordinates":[[0.26425,-0.16255],[0.26425,-0.16225]]}},{"type":"Feature","properties":{},"geometry":{"type":"LineString","coordinates":[[0.26425,-0.16255],[0.26455,-0.16255]]}},{"type":"Feature","properties":{},"geometry":{"type":"LineString","coordinates":[[-0.03605,-0.11725],[-0.03575,-0.11755]]}},{"type":"Feature","properties":{},"geometry":{"type":"LineString","coordinates":[[0.22015,-0.06625],[0.21925,-0.06595],[0.21775,-0.06685],[0.21685,-0.06595],[0.21475,-0.06625],[0.21235,-0.06475],[0.21085,-0.06505],[0.20875,-0.06385],[0.20695,-0.06415],[0.20575,-0.06295],[0.20335,-0.06235],[0.19855,-0.05815]]}},{"type":"Feature","properties":{},"geometry":{"type":"LineString","coordinates":[[-0.10385,0.31565],[-0.10355,0.31595]]}},{"type":"Feature","properties":{},"geometry":{"type":"LineString","coordinates":[[0.29425,0.26615],[0.29605,0.27065],[0.29515,0.27155],[0.29605,0.27245],[0.29575,0.27365],[0.29695,0.27485],[0.29725,0.27785],[0.29965,0.28115],[0.30085,0.28475],[0.30235,0.28625],[0.30235,0.28775],[0.30595,0.29135],[0.30565,0.29195],[0.30745,0.29405],[0.30715,0.29525],[0.31015,0.30185],[0.30955,0.30245],[0.30955,0.30545],[0.30625,0.31325],[0.30055,0.31955],[0.30115,0.32015],[0.30055,0.32405],[0.30295,0.32735],[0.30505,0.33215],[0.30535,0.33605],[0.30445,0.33755],[0.30445,0.34115],[0.30295,0.34265],[0.30265,0.34475],[0.30175,0.34565],[0.30205,0.34745],[0.30055,0.35075],[0.30025,0.35405],[0.29935,0.35495],[0.29695,0.36155],[0.29665,0.36605],[0.29575,0.36815],[0.29665,0.36935],[0.29575,0.37355],[0.29665,0.37595],[0.29845,0.37805],[0.29815,0.37925],[0.29905,0.38165],[0.29785,0.38405],[0.29845,0.38585],[0.29755,0.38975],[0.29575,0.39245],[0.29605,0.39365],[0.29425,0.39695],[0.29575,0.40205],[0.29455,0.40505],[0.29575,0.40715],[0.29485,0.40805],[0.29365,0.41255],[0.29545,0.41555],[0.29545,0.41855],[0.29395,0.41975],[0.29605,0.42185],[0.29725,0.42515],[0.29605,0.42695],[0.29575,0.43055],[0.29395,0.43205],[0.29395,0.43415],[0.29305,0.43535],[0.29335,0.43775],[0.29095,0.44105],[0.29155,0.44405],[0.28945,0.44615],[0.28915,0.44795],[0.28675,0.45185],[0.28705,0.45365],[0.28495,0.45635],[0.28525,0.45785],[0.28435,0.45935]]}},{"type":"Feature","properties":{},"geometry":{"type":"LineString","coordinates":[[0.29425,0.26615],[0.29455,0.26585]]}},{"type":"Feature","properties":{},"geometry":{"type":"LineString","coordinates":[[-0.14195,0.66785],[-0.14225,0.66815]]}},{"type":"Feature","properties":{},"geometry":{"type":"LineString","coordinates":[[-0.30815,0.40535],[-0.30785,0.40565]]}},{"type":"Feature","properties":{},"geometry":{"type":"LineString","coordinates":[[-0.25835,0.40115],[-0.25805,0.40145]]}},{"type":"Feature","properties":{},"geometry":{"type":"LineString","coordinates":[[-0.32735,0.47045],[-0.32735,0.47015]]}},{"type":"Feature","properties":{},"geometry":{"type":"LineString","coordinates":[[0.12175,0.31175],[0.12175,0.31145]]}},{"type":"Feature","properties":{},"geometry":{"type":"LineString","coordinates":[[0.10855,-0.11365],[0.10825,-0.11335]]}},{"type":"Feature","properties":{},"geometry":{"type":"LineString","coordinates":[[-0.06515,0.47405],[-0.06485,0.47435]]}},{"type":"Feature","properties":{},"geometry":{"type":"LineString","coordinates":[[-0.06515,0.47405],[-0.06545,0.47375]]}},{"type":"Feature","properties":{},"geometry":{"type":"LineString","coordinates":[[0.29425,-0.17515],[0.30025,-0.18025],[0.30085,-0.18115],[0.30025,-0.18355]]}},{"type":"Feature","properties":{},"geometry":{"type":"LineString","coordinates":[[0.48115,-0.27115],[0.47935,-0.26995],[0.47815,-0.27055],[0.47695,-0.26935],[0.47395,-0.26995],[0.47035,-0.26695],[0.46945,-0.26785],[0.46765,-0.26605],[0.46645,-0.26665],[0.46285,-0.26335],[0.46255,-0.26185],[0.45865,-0.25885],[0.45715,-0.25945],[0.45625,-0.25885],[0.45475,-0.26035],[0.45175,-0.25915],[0.44935,-0.26155],[0.44635,-0.26065],[0.44155,-0.26425],[0.44035,-0.26335],[0.43855,-0.26365],[0.43555,-0.26005]]}},{"type":"Feature","properties":{},"geometry":{"type":"LineString","coordinates":[[0.26425,-0.16225],[0.26455,-0.16255]]}},{"type":"Feature","properties":{},"geometry":{"type":"LineString","coordinates":[[-0.14165,0.66875],[-0.14135,0.66905]]}},{"type":"Feature","properties":{},"geometry":{"type":"LineString","coordinates":[[0.40195,-0.39895],[0.40795,-0.39265],[0.40765,-0.39085],[0.40975,-0.38485],[0.41275,-0.38275],[0.41575,-0.37915],[0.41665,-0.37555],[0.41875,-0.37135],[0.41845,-0.37045],[0.41995,-0.36775],[0.41875,-0.36595],[0.41965,-0.36475],[0.41935,-0.36205],[0.41995,-0.36145],[0.41935,-0.36055],[0.41965,-0.35815],[0.41815,-0.35395],[0.41875,-0.35125],[0.41695,-0.34885],[0.41695,-0.34705],[0.41575,-0.34495],[0.41575,-0.34195],[0.41395,-0.33865],[0.41335,-0.33505],[0.41155,-0.33355],[0.41245,-0.33205],[0.41005,-0.32965],[0.40915,-0.32695],[0.40795,-0.32575],[0.40855,-0.32485],[0.40735,-0.32275],[0.40735,-0.32095],[0.40645,-0.32005],[0.40735,-0.31855],[0.40375,-0.31645],[0.40285,-0.31795],[0.40225,-0.31735],[0.40165,-0.31795],[0.40045,-0.31675]]}},{"type":"Feature","properties":{},"geometry":{"type":"LineString","coordinates":[[0.40015,-0.31675],[0.39415,-0.31105],[0.39145,-0.30985],[0.38935,-0.30715]]}},{"type":"Feature","properties":{},"geometry":{"type":"LineString","coordinates":[[0.40015,-0.31675],[0.40045,-0.31675]]}},{"type":"Feature","properties":{},"geometry":{"type":"LineString","coordinates":[[0.19855,-0.05785],[0.19885,-0.05785]]}},{"type":"Feature","properties":{},"geometry":{"type":"LineString","coordinates":[[0.19855,-0.05785],[0.19855,-0.05815]]}},{"type":"Feature","properties":{},"geometry":{"type":"LineString","coordinates":[[-0.37325,-0.66235],[-0.36755,-0.65725],[-0.36425,-0.65905],[-0.35735,-0.65725]]}},{"type":"Feature","properties":{},"geometry":{"type":"LineString","coordinates":[[-0.34775,0.18395],[-0.34775,0.18365]]}},{"type":"Feature","properties":{},"geometry":{"type":"LineString","coordinates":[[-0.30305,0.40955],[-0.30725,0.40535],[-0.30785,0.40565]]}},{"type":"Feature","properties":{},"geometry":{"type":"LineString","coordinates":[[-0.14285,0.66695],[-0.14255,0.66725]]}},{"type":"Feature","properties":{},"geometry":{"type":"LineString","coordinates":[[0.34105,0.15905],[0.34075,0.15935]]}},{"type":"Feature","properties":{},"geometry":{"type":"LineString","coordinates":[[0.19615,-0.17845],[0.19615,-0.17875]]}},{"type":"Feature","properties":{},"geometry":{"type":"LineString","coordinates":[[0.19825,-0.36625],[0.19855,-0.36595]]}},{"type":"Feature","properties":{},"geometry":{"type":"LineString","coordinates":[[0.06475,-0.09535],[0.06445,-0.09505]]}},{"type":"Feature","properties":{},"geometry":{"type":"LineString","coordinates":[[0.06475,-0.09535],[0.06475,-0.09565]]}},{"type":"Feature","properties":{},"geometry":{"type":"LineString","coordinates":[[-0.03605,-0.11785],[-0.03575,-0.11755]]}},{"type":"Feature","properties":{},"geometry":{"type":"LineString","coordinates":[[0.19855,-0.05815],[0.19885,-0.05785]]}},{"type":"Feature","properties":{},"geometry":{"type":"LineString","coordinates":[[0.20245,-0.17635],[0.20215,-0.17605]]}},{"type":"Feature","properties":{},"geometry":{"type":"LineString","coordinates":[[-0.06575,0.47345],[-0.06545,0.47375]]}},{"type":"Feature","properties":{},"geometry":{"type":"LineString","coordinates":[[0.10615,-0.11575],[0.10615,-0.11605]]}},{"type":"Feature","properties":{},"geometry":{"type":"LineString","coordinates":[[-0.06515,0.31235],[-0.06515,0.31205]]}},{"type":"Feature","properties":{},"geometry":{"type":"LineString","coordinates":[[0.37165,0.22865],[0.37285,0.22865],[0.37375,0.22685],[0.37795,0.22655],[0.38755,0.21815],[0.38875,0.21935],[0.38965,0.21875],[0.39175,0.21935],[0.39685,0.21395],[0.39805,0.21365],[0.39985,0.21365],[0.40135,0.21485],[0.40255,0.21455],[0.40705,0.21785],[0.40945,0.21875],[0.41185,0.21815],[0.41365,0.21995],[0.41605,0.22055]]}},{"type":"Feature","properties":{},"geometry":{"type":"LineString","coordinates":[[-0.24545,0.39545],[-0.24905,0.39755],[-0.25295,0.40115],[-0.25385,0.40085],[-0.25445,0.40145],[-0.25535,0.40055],[-0.25595,0.40115],[-0.25715,0.40055],[-0.25805,0.40145]]}},{"type":"Feature","properties":{},"geometry":{"type":"LineString","coordinates":[[0.06475,-0.09565],[0.06865,-0.09955],[0.06835,-0.10045],[0.06985,-0.10285],[0.06955,-0.10375],[0.07015,-0.10435],[0.06835,-0.10705],[0.06955,-0.11005],[0.06895,-0.11185],[0.07015,-0.11335],[0.06895,-0.11485],[0.06895,-0.11605],[0.07015,-0.11725],[0.06955,-0.11875],[0.07165,-0.12265],[0.07105,-0.12505],[0.07225,-0.12625],[0.07195,-0.12715]]}},{"type":"Feature","properties":{},"geometry":{"type":"LineString","coordinates":[[-0.10655,0.31265],[-0.10445,0.31505]]}},{"type":"Feature","properties":{},"geometry":{"type":"LineString","coordinates":[[0.28975,-0.35185],[0.28705,-0.35185],[0.28555,-0.35305],[0.28405,-0.35275],[0.28135,-0.35485],[0.25795,-0.37765],[0.25645,-0.37795],[0.25555,-0.37705],[0.25495,-0.37765],[0.25195,-0.37735]]}},{"type":"Feature","properties":{},"geometry":{"type":"LineString","coordinates":[[0.25195,-0.37735],[0.25165,-0.37615],[0.24925,-0.37405],[0.24895,-0.36985],[0.24505,-0.36505],[0.24565,-0.36445],[0.24445,-0.36235],[0.24625,-0.35995],[0.24505,-0.35785]]}},{"type":"Feature","properties":{},"geometry":{"type":"LineString","coordinates":[[0.19795,-0.36535],[0.19765,-0.36505]]}}]}